,Nb,Ns,SOIL TYPE_I (HARD),SOIL TYPE_II(MEDIUM),SOIL TYPE_III(SOFT),Z,dy,Op
0,1,2,1,0,0,0.02,0.0,0
1,1,2,1,0,0,0.04,0.0,0
2,1,2,1,0,0,0.06,0.0,0
3,1,2,1,0,0,0.08,0.0,0
4,1,2,1,0,0,0.1,0.0,0
5,1,2,1,0,0,0.12,0.0,0
6,1,2,1,0,0,0.1399999999999999,0.0,0
7,1,2,1,0,0,0.16,0.0,0
8,1,2,1,0,0,0.18,0.0,0
9,1,2,1,0,0,0.2,0.0,0
10,1,2,1,0,0,0.22,0.0,0
11,1,2,1,0,0,0.24,0.0,0
12,1,2,1,0,0,0.26,0.0,0
13,1,2,1,0,0,0.28,0.0,0
14,1,2,1,0,0,0.3,0.0182,0
15,1,2,1,0,0,0.36,0.0204,0
16,1,2,1,0,0,0.4,0.0208,0
17,1,2,1,0,0,0.45,0.021,0
18,1,2,1,0,0,0.5,0.0211,0
19,1,2,1,0,0,0.55,0.0211,0
20,1,2,1,0,0,0.6,0.0212,0
21,1,2,1,0,0,0.65,0.0212,0
22,1,2,1,0,0,0.7,0.0212,0
23,1,2,1,0,0,0.75,0.0212,0
24,1,2,1,0,0,0.8,0.0212,0
25,1,2,1,0,0,0.85,0.0212,0
26,1,2,1,0,0,0.9,0.0212,0
27,1,2,1,0,0,0.95,0.0212,0
28,1,2,1,0,0,1.0,0.0212,0
29,1,2,0,1,0,0.02,0.0,0
30,1,2,0,1,0,0.04,0.0,0
31,1,2,0,1,0,0.06,0.0,0
32,1,2,0,1,0,0.08,0.0,0
33,1,2,0,1,0,0.1,0.0,0
34,1,2,0,1,0,0.12,0.0,0
35,1,2,0,1,0,0.1399999999999999,0.0,0
36,1,2,0,1,0,0.16,0.0,0
37,1,2,0,1,0,0.18,0.0,0
38,1,2,0,1,0,0.2,0.0,0
39,1,2,0,1,0,0.22,0.0,0
40,1,2,0,1,0,0.24,0.0,0
41,1,2,0,1,0,0.26,0.0,0
42,1,2,0,1,0,0.28,0.0,0
43,1,2,0,1,0,0.3,0.0182,0
44,1,2,0,1,0,0.36,0.0204,0
45,1,2,0,1,0,0.4,0.0208,0
46,1,2,0,1,0,0.45,0.021,0
47,1,2,0,1,0,0.5,0.0211,0
48,1,2,0,1,0,0.55,0.0211,0
49,1,2,0,1,0,0.6,0.0212,0
50,1,2,0,1,0,0.65,0.0212,0
51,1,2,0,1,0,0.7,0.0212,0
52,1,2,0,1,0,0.75,0.0212,0
53,1,2,0,1,0,0.8,0.0212,0
54,1,2,0,1,0,0.85,0.0212,0
55,1,2,0,1,0,0.9,0.0212,0
56,1,2,0,1,0,0.95,0.0212,0
57,1,2,0,1,0,1.0,0.0212,0
58,1,2,0,0,1,0.02,0.0,0
59,1,2,0,0,1,0.04,0.0,0
60,1,2,0,0,1,0.06,0.0,0
61,1,2,0,0,1,0.08,0.0,0
62,1,2,0,0,1,0.1,0.0,0
63,1,2,0,0,1,0.12,0.0,0
64,1,2,0,0,1,0.1399999999999999,0.0,0
65,1,2,0,0,1,0.16,0.0,0
66,1,2,0,0,1,0.18,0.0,0
67,1,2,0,0,1,0.2,0.0,0
68,1,2,0,0,1,0.22,0.0,0
69,1,2,0,0,1,0.24,0.0,0
70,1,2,0,0,1,0.26,0.0,0
71,1,2,0,0,1,0.28,0.0,0
72,1,2,0,0,1,0.3,0.0182,0
73,1,2,0,0,1,0.36,0.0204,0
74,1,2,0,0,1,0.4,0.0208,0
75,1,2,0,0,1,0.45,0.021,0
76,1,2,0,0,1,0.5,0.0211,0
77,1,2,0,0,1,0.55,0.0211,0
78,1,2,0,0,1,0.6,0.0212,0
79,1,2,0,0,1,0.65,0.0212,0
80,1,2,0,0,1,0.7,0.0212,0
81,1,2,0,0,1,0.75,0.0212,0
82,1,2,0,0,1,0.8,0.0212,0
83,1,2,0,0,1,0.85,0.0212,0
84,1,2,0,0,1,0.9,0.0212,0
85,1,2,0,0,1,0.95,0.0212,0
86,1,3,1,0,0,0.02,0.0,0
87,1,3,1,0,0,0.04,0.0,0
88,1,3,1,0,0,0.06,0.0,0
89,1,3,1,0,0,0.08,0.0,0
90,1,3,1,0,0,0.1,0.0,0
91,1,3,1,0,0,0.12,0.0,0
92,1,3,1,0,0,0.1399999999999999,0.0,0
93,1,3,1,0,0,0.16,0.0,0
94,1,3,1,0,0,0.18,0.0,0
95,1,3,1,0,0,0.2,0.0216,0
96,1,3,1,0,0,0.22,0.0232,0
97,1,3,1,0,0,0.24,0.0235,0
98,1,3,1,0,0,0.26,0.0243,0
99,1,3,1,0,0,0.28,0.0253,0
100,1,3,1,0,0,0.3,0.0257,0
101,1,3,1,0,0,0.36,0.0263,0
102,1,3,1,0,0,0.4,0.0264,0
103,1,3,1,0,0,0.45,0.0265,0
104,1,3,1,0,0,0.5,0.0266,0
105,1,3,1,0,0,0.55,0.0266,0
106,1,3,1,0,0,0.6,0.0266,0
107,1,3,1,0,0,0.65,0.0266,0
108,1,3,1,0,0,0.7,0.0266,0
109,1,3,1,0,0,0.75,0.0266,0
110,1,3,1,0,0,0.8,0.0267,0
111,1,3,1,0,0,0.85,0.0267,0
112,1,3,1,0,0,0.9,0.027,0
113,1,3,1,0,0,0.95,0.0272,0
114,1,3,1,0,0,1.0,0.0274,0
115,1,3,0,1,0,0.02,0.0,0
116,1,3,0,1,0,0.04,0.0,0
117,1,3,0,1,0,0.06,0.0,0
118,1,3,0,1,0,0.08,0.0,0
119,1,3,0,1,0,0.1,0.0,0
120,1,3,0,1,0,0.12,0.0,0
121,1,3,0,1,0,0.1399999999999999,0.0,0
122,1,3,0,1,0,0.16,0.0,0
123,1,3,0,1,0,0.18,0.0227,0
124,1,3,0,1,0,0.2,0.0235,0
125,1,3,0,1,0,0.22,0.0242,0
126,1,3,0,1,0,0.24,0.0253,0
127,1,3,0,1,0,0.26,0.0258,0
128,1,3,0,1,0,0.28,0.0261,0
129,1,3,0,1,0,0.3,0.0263,0
130,1,3,0,1,0,0.36,0.0265,0
131,1,3,0,1,0,0.4,0.0266,0
132,1,3,0,1,0,0.45,0.0266,0
133,1,3,0,1,0,0.5,0.0266,0
134,1,3,0,1,0,0.55,0.0266,0
135,1,3,0,1,0,0.6,0.0266,0
136,1,3,0,1,0,0.65,0.0266,0
137,1,3,0,1,0,0.7,0.0267,0
138,1,3,0,1,0,0.75,0.0269,0
139,1,3,0,1,0,0.8,0.0272,0
140,1,3,0,1,0,0.85,0.0274,0
141,1,3,0,1,0,0.9,0.0276,0
142,1,3,0,1,0,0.95,0.0278,0
143,1,3,0,1,0,1.0,0.0279,0
144,1,3,0,0,1,0.02,0.0,0
145,1,3,0,0,1,0.04,0.0,0
146,1,3,0,0,1,0.06,0.0,0
147,1,3,0,0,1,0.08,0.0,0
148,1,3,0,0,1,0.1,0.0,0
149,1,3,0,0,1,0.12,0.0,0
150,1,3,0,0,1,0.1399999999999999,0.0,0
151,1,3,0,0,1,0.16,0.0,0
152,1,3,0,0,1,0.18,0.0227,0
153,1,3,0,0,1,0.2,0.0235,0
154,1,3,0,0,1,0.22,0.0242,0
155,1,3,0,0,1,0.24,0.0253,0
156,1,3,0,0,1,0.26,0.0258,0
157,1,3,0,0,1,0.28,0.0261,0
158,1,3,0,0,1,0.3,0.0263,0
159,1,3,0,0,1,0.36,0.0265,0
160,1,3,0,0,1,0.4,0.0266,0
161,1,3,0,0,1,0.45,0.0266,0
162,1,3,0,0,1,0.5,0.0266,0
163,1,3,0,0,1,0.55,0.0266,0
164,1,3,0,0,1,0.6,0.0266,0
165,1,3,0,0,1,0.65,0.0266,0
166,1,3,0,0,1,0.7,0.0267,0
167,1,3,0,0,1,0.75,0.0269,0
168,1,3,0,0,1,0.8,0.0272,0
169,1,4,1,0,0,0.02,0.0,0
170,1,4,1,0,0,0.04,0.0,0
171,1,4,1,0,0,0.06,0.0,0
172,1,4,1,0,0,0.08,0.0,0
173,1,4,1,0,0,0.1,0.0,0
174,1,4,1,0,0,0.12,0.0,0
175,1,4,1,0,0,0.1399999999999999,0.0,0
176,1,4,1,0,0,0.16,0.0,0
177,1,4,1,0,0,0.18,0.0,0
178,1,4,1,0,0,0.2,0.0264,0
179,1,4,1,0,0,0.22,0.0278,0
180,1,4,1,0,0,0.24,0.0281,0
181,1,4,1,0,0,0.26,0.0294,0
182,1,4,1,0,0,0.28,0.0307,0
183,1,4,1,0,0,0.3,0.0314,0
184,1,4,1,0,0,0.36,0.0323,0
185,1,4,1,0,0,0.4,0.0325,0
186,1,4,1,0,0,0.45,0.0326,0
187,1,4,1,0,0,0.5,0.0327,0
188,1,4,1,0,0,0.55,0.0328,0
189,1,4,1,0,0,0.6,0.0328,0
190,1,4,1,0,0,0.65,0.0328,0
191,1,4,1,0,0,0.7,0.0329,0
192,1,4,1,0,0,0.75,0.0332,0
193,1,4,1,0,0,0.8,0.0336,0
194,1,4,1,0,0,0.85,0.0339,0
195,1,4,1,0,0,0.9,0.0341,0
196,1,4,1,0,0,0.95,0.0343,0
197,1,4,1,0,0,1.0,0.0345,0
198,1,4,0,1,0,0.02,0.0,0
199,1,4,0,1,0,0.04,0.0,0
200,1,4,0,1,0,0.06,0.0,0
201,1,4,0,1,0,0.08,0.0,0
202,1,4,0,1,0,0.1,0.0,0
203,1,4,0,1,0,0.12,0.0,0
204,1,4,0,1,0,0.1399999999999999,0.0,0
205,1,4,0,1,0,0.16,0.0278,0
206,1,4,0,1,0,0.18,0.0287,0
207,1,4,0,1,0,0.2,0.0305,0
208,1,4,0,1,0,0.22,0.0315,0
209,1,4,0,1,0,0.24,0.032,0
210,1,4,0,1,0,0.26,0.0323,0
211,1,4,0,1,0,0.28,0.0324,0
212,1,4,0,1,0,0.3,0.0326,0
213,1,4,0,1,0,0.36,0.0327,0
214,1,4,0,1,0,0.4,0.0328,0
215,1,4,0,1,0,0.45,0.0328,0
216,1,4,0,1,0,0.5,0.0329,0
217,1,4,0,1,0,0.55,0.0333,0
218,1,4,0,1,0,0.6,0.0338,0
219,1,4,0,1,0,0.65,0.0341,0
220,1,4,0,1,0,0.7,0.0344,0
221,1,4,0,1,0,0.75,0.0346,0
222,1,4,0,1,0,0.8,0.0348,0
223,1,4,0,1,0,0.85,0.035,0
224,1,4,0,1,0,0.9,0.0351,0
225,1,4,0,1,0,0.95,0.0352,0
226,1,4,0,1,0,1.0,0.0353,0
227,1,4,0,0,1,0.02,0.0,0
228,1,4,0,0,1,0.04,0.0,0
229,1,4,0,0,1,0.06,0.0,0
230,1,4,0,0,1,0.08,0.0,0
231,1,4,0,0,1,0.1,0.0,0
232,1,4,0,0,1,0.12,0.0,0
233,1,4,0,0,1,0.1399999999999999,0.0276,0
234,1,4,0,0,1,0.16,0.0286,0
235,1,4,0,0,1,0.18,0.0306,0
236,1,4,0,0,1,0.2,0.0316,0
237,1,4,0,0,1,0.22,0.0321,0
238,1,4,0,0,1,0.24,0.0324,0
239,1,4,0,0,1,0.26,0.0325,0
240,1,4,0,0,1,0.28,0.0326,0
241,1,4,0,0,1,0.3,0.0327,0
242,1,4,0,0,1,0.36,0.0328,0
243,1,4,0,0,1,0.4,0.0328,0
244,1,4,0,0,1,0.45,0.0329,0
245,1,4,0,0,1,0.5,0.0334,0
246,1,4,0,0,1,0.55,0.0339,0
247,1,4,0,0,1,0.6,0.0342,0
248,1,4,0,0,1,0.65,0.0345,0
249,1,4,0,0,1,0.7,0.0347,0
250,1,4,0,0,1,0.75,0.0349,0
251,1,4,0,0,1,0.8,0.0351,0
252,1,4,0,0,1,0.85,0.0352,0
253,1,5,1,0,0,0.02,0.0,0
254,1,5,1,0,0,0.04,0.0,0
255,1,5,1,0,0,0.06,0.0,0
256,1,5,1,0,0,0.08,0.0,0
257,1,5,1,0,0,0.1,0.0,0
258,1,5,1,0,0,0.12,0.0,0
259,1,5,1,0,0,0.1399999999999999,0.0,0
260,1,5,1,0,0,0.16,0.0,0
261,1,5,1,0,0,0.18,0.0272,0
262,1,5,1,0,0,0.2,0.0303,0
263,1,5,1,0,0,0.22,0.0309,0
264,1,5,1,0,0,0.24,0.0314,0
265,1,5,1,0,0,0.26,0.0332,0
266,1,5,1,0,0,0.28,0.0347,0
267,1,5,1,0,0,0.3,0.0356,0
268,1,5,1,0,0,0.36,0.0368,0
269,1,5,1,0,0,0.4,0.0371,0
270,1,5,1,0,0,0.45,0.0373,0
271,1,5,1,0,0,0.5,0.0374,0
272,1,5,1,0,0,0.55,0.0375,0
273,1,5,1,0,0,0.6,0.0375,0
274,1,5,1,0,0,0.65,0.0377,0
275,1,5,1,0,0,0.7,0.0381,0
276,1,5,1,0,0,0.75,0.0383,0
277,1,5,1,0,0,0.8,0.0385,0
278,1,5,1,0,0,0.85,0.0388,0
279,1,5,1,0,0,0.9,0.0391,0
280,1,5,1,0,0,0.95,0.0394,0
281,1,5,1,0,0,1.0,0.0396,0
282,1,5,0,1,0,0.02,0.0,0
283,1,5,0,1,0,0.04,0.0,0
284,1,5,0,1,0,0.06,0.0,0
285,1,5,0,1,0,0.08,0.0,0
286,1,5,0,1,0,0.1,0.0,0
287,1,5,0,1,0,0.12,0.0,0
288,1,5,0,1,0,0.1399999999999999,0.0296,0
289,1,5,0,1,0,0.16,0.0309,0
290,1,5,0,1,0,0.18,0.032,0
291,1,5,0,1,0,0.2,0.0342,0
292,1,5,0,1,0,0.22,0.0356,0
293,1,5,0,1,0,0.24,0.0363,0
294,1,5,0,1,0,0.26,0.0367,0
295,1,5,0,1,0,0.28,0.037,0
296,1,5,0,1,0,0.3,0.0372,0
297,1,5,0,1,0,0.36,0.0374,0
298,1,5,0,1,0,0.4,0.0375,0
299,1,5,0,1,0,0.45,0.0376,0
300,1,5,0,1,0,0.5,0.038,0
301,1,5,0,1,0,0.55,0.0383,0
302,1,5,0,1,0,0.6,0.0386,0
303,1,5,0,1,0,0.65,0.0391,0
304,1,5,0,1,0,0.7,0.0394,0
305,1,5,0,1,0,0.75,0.0398,0
306,1,5,0,1,0,0.8,0.04,0
307,1,5,0,1,0,0.85,0.0402,0
308,1,5,0,1,0,0.9,0.0404,0
309,1,5,0,1,0,0.95,0.0405,0
310,1,5,0,1,0,1.0,0.0406,0
311,1,5,0,0,1,0.02,0.0,0
312,1,5,0,0,1,0.04,0.0,0
313,1,5,0,0,1,0.06,0.0,0
314,1,5,0,0,1,0.08,0.0,0
315,1,5,0,0,1,0.1,0.0,0
316,1,5,0,0,1,0.12,0.0302,0
317,1,5,0,0,1,0.1399999999999999,0.0311,0
318,1,5,0,0,1,0.16,0.0337,0
319,1,5,0,0,1,0.18,0.0356,0
320,1,5,0,0,1,0.2,0.0364,0
321,1,5,0,0,1,0.22,0.0368,0
322,1,5,0,0,1,0.24,0.0371,0
323,1,5,0,0,1,0.26,0.0373,0
324,1,5,0,0,1,0.28,0.0374,0
325,1,5,0,0,1,0.3,0.0374,0
326,1,5,0,0,1,0.36,0.0375,0
327,1,5,0,0,1,0.4,0.0378,0
328,1,5,0,0,1,0.45,0.0383,0
329,1,5,0,0,1,0.5,0.0387,0
330,1,5,0,0,1,0.55,0.0392,0
331,1,5,0,0,1,0.6,0.0396,0
332,1,5,0,0,1,0.65,0.04,0
333,1,5,0,0,1,0.7,0.0402,0
334,1,5,0,0,1,0.75,0.0404,0
335,1,5,0,0,1,0.8,0.0406,0
336,1,5,0,0,1,0.85,0.0407,0
337,1,6,1,0,0,0.02,0.0,0
338,1,6,1,0,0,0.04,0.0,0
339,1,6,1,0,0,0.06,0.0,0
340,1,6,1,0,0,0.08,0.0,0
341,1,6,1,0,0,0.1,0.0,0
342,1,6,1,0,0,0.12,0.0,0
343,1,6,1,0,0,0.1399999999999999,0.0,0
344,1,6,1,0,0,0.16,0.0,0
345,1,6,1,0,0,0.18,0.0331,0
346,1,6,1,0,0,0.2,0.0379,0
347,1,6,1,0,0,0.22,0.0391,0
348,1,6,1,0,0,0.24,0.0396,0
349,1,6,1,0,0,0.26,0.0423,0
350,1,6,1,0,0,0.28,0.044,0
351,1,6,1,0,0,0.3,0.045,0
352,1,6,1,0,0,0.36,0.0462,0
353,1,6,1,0,0,0.4,0.0469,0
354,1,6,1,0,0,0.45,0.0473,0
355,1,6,1,0,0,0.5,0.0476,0
356,1,6,1,0,0,0.55,0.0477,0
357,1,6,1,0,0,0.6,0.0478,0
358,1,6,1,0,0,0.65,0.0482,0
359,1,6,1,0,0,0.7,0.0487,0
360,1,6,1,0,0,0.75,0.0491,0
361,1,6,1,0,0,0.8,0.0494,0
362,1,6,1,0,0,0.85,0.05,0
363,1,6,1,0,0,0.9,0.0505,0
364,1,6,1,0,0,0.95,0.0509,0
365,1,6,1,0,0,1.0,0.0512,0
366,1,6,0,1,0,0.02,0.0,0
367,1,6,0,1,0,0.04,0.0,0
368,1,6,0,1,0,0.06,0.0,0
369,1,6,0,1,0,0.08,0.0,0
370,1,6,0,1,0,0.1,0.0,0
371,1,6,0,1,0,0.12,0.0,0
372,1,6,0,1,0,0.1399999999999999,0.0361,0
373,1,6,0,1,0,0.16,0.039,0
374,1,6,0,1,0,0.18,0.04,0
375,1,6,0,1,0,0.2,0.0434,0
376,1,6,0,1,0,0.22,0.0449,0
377,1,6,0,1,0,0.24,0.0457,0
378,1,6,0,1,0,0.26,0.0461,0
379,1,6,0,1,0,0.28,0.0466,0
380,1,6,0,1,0,0.3,0.047,0
381,1,6,0,1,0,0.36,0.0475,0
382,1,6,0,1,0,0.4,0.0477,0
383,1,6,0,1,0,0.45,0.0479,0
384,1,6,0,1,0,0.5,0.0485,0
385,1,6,0,1,0,0.55,0.0491,0
386,1,6,0,1,0,0.6,0.0495,0
387,1,6,0,1,0,0.65,0.0503,0
388,1,6,0,1,0,0.7,0.0509,0
389,1,6,0,1,0,0.75,0.0513,0
390,1,6,0,1,0,0.8,0.0516,0
391,1,6,0,1,0,0.85,0.0519,0
392,1,6,0,1,0,0.9,0.0521,0
393,1,6,0,0,1,0.02,0.0,0
394,1,6,0,0,1,0.04,0.0,0
395,1,6,0,0,1,0.06,0.0,0
396,1,6,0,0,1,0.08,0.0,0
397,1,6,0,0,1,0.1,0.0,0
398,1,6,0,0,1,0.12,0.038,0
399,1,6,0,0,1,0.1399999999999999,0.0394,0
400,1,6,0,0,1,0.16,0.043,0
401,1,6,0,0,1,0.18,0.045,0
402,1,6,0,0,1,0.2,0.0458,0
403,1,6,0,0,1,0.22,0.0464,0
404,1,6,0,0,1,0.24,0.0469,0
405,1,6,0,0,1,0.26,0.0472,0
406,1,6,0,0,1,0.28,0.0474,0
407,1,6,0,0,1,0.3,0.0476,0
408,1,6,0,0,1,0.36,0.0478,0
409,1,6,0,0,1,0.4,0.0484,0
410,1,6,0,0,1,0.45,0.0491,0
411,1,6,0,0,1,0.5,0.0498,0
412,1,6,0,0,1,0.55,0.0506,0
413,1,6,0,0,1,0.6,0.0512,0
414,1,6,0,0,1,0.65,0.0516,0
415,1,6,0,0,1,0.7,0.0519,0
416,1,6,0,0,1,0.75,0.0522,0
417,2,2,1,0,0,0.02,0.0,0
418,2,2,1,0,0,0.04,0.0,0
419,2,2,1,0,0,0.06,0.0,0
420,2,2,1,0,0,0.08,0.0,0
421,2,2,1,0,0,0.1,0.0,0
422,2,2,1,0,0,0.12,0.0,0
423,2,2,1,0,0,0.1399999999999999,0.0,0
424,2,2,1,0,0,0.16,0.0,0
425,2,2,1,0,0,0.18,0.0,0
426,2,2,1,0,0,0.2,0.0,0
427,2,2,1,0,0,0.22,0.0,0
428,2,2,1,0,0,0.24,0.0192,0
429,2,2,1,0,0,0.26,0.0202,0
430,2,2,1,0,0,0.28,0.0208,0
431,2,2,1,0,0,0.3,0.021,0
432,2,2,1,0,0,0.36,0.0212,0
433,2,2,1,0,0,0.4,0.0212,0
434,2,2,1,0,0,0.45,0.0212,0
435,2,2,1,0,0,0.5,0.0212,0
436,2,2,1,0,0,0.55,0.0212,0
437,2,2,1,0,0,0.6,0.0212,0
438,2,2,1,0,0,0.65,0.0212,0
439,2,2,1,0,0,0.7,0.0212,0
440,2,2,1,0,0,0.75,0.0212,0
441,2,2,1,0,0,0.8,0.0212,0
442,2,2,1,0,0,0.85,0.0212,0
443,2,2,1,0,0,0.9,0.0212,0
444,2,2,1,0,0,0.95,0.0212,0
445,2,2,1,0,0,1.0,0.0212,0
446,2,2,0,1,0,0.02,0.0,0
447,2,2,0,1,0,0.04,0.0,0
448,2,2,0,1,0,0.06,0.0,0
449,2,2,0,1,0,0.08,0.0,0
450,2,2,0,1,0,0.1,0.0,0
451,2,2,0,1,0,0.12,0.0,0
452,2,2,0,1,0,0.1399999999999999,0.0,0
453,2,2,0,1,0,0.16,0.0,0
454,2,2,0,1,0,0.18,0.0,0
455,2,2,0,1,0,0.2,0.0,0
456,2,2,0,1,0,0.22,0.0,0
457,2,2,0,1,0,0.24,0.0192,0
458,2,2,0,1,0,0.26,0.0202,0
459,2,2,0,1,0,0.28,0.0208,0
460,2,2,0,1,0,0.3,0.021,0
461,2,2,0,1,0,0.36,0.0212,0
462,2,2,0,1,0,0.4,0.0212,0
463,2,2,0,1,0,0.45,0.0212,0
464,2,2,0,1,0,0.5,0.0212,0
465,2,2,0,1,0,0.55,0.0212,0
466,2,2,0,1,0,0.6,0.0212,0
467,2,2,0,1,0,0.65,0.0212,0
468,2,2,0,1,0,0.7,0.0212,0
469,2,2,0,1,0,0.75,0.0212,0
470,2,2,0,1,0,0.8,0.0212,0
471,2,2,0,1,0,0.85,0.0212,0
472,2,2,0,1,0,0.9,0.0212,0
473,2,2,0,0,1,0.02,0.0,0
474,2,2,0,0,1,0.04,0.0,0
475,2,2,0,0,1,0.06,0.0,0
476,2,2,0,0,1,0.08,0.0,0
477,2,2,0,0,1,0.1,0.0,0
478,2,2,0,0,1,0.12,0.0,0
479,2,2,0,0,1,0.1399999999999999,0.0,0
480,2,2,0,0,1,0.16,0.0,0
481,2,2,0,0,1,0.18,0.0,0
482,2,2,0,0,1,0.2,0.0,0
483,2,2,0,0,1,0.22,0.0,0
484,2,2,0,0,1,0.24,0.0192,0
485,2,2,0,0,1,0.26,0.0202,0
486,2,2,0,0,1,0.28,0.0208,0
487,2,2,0,0,1,0.3,0.021,0
488,2,2,0,0,1,0.36,0.0212,0
489,2,2,0,0,1,0.4,0.0212,0
490,2,2,0,0,1,0.45,0.0212,0
491,2,2,0,0,1,0.5,0.0212,0
492,2,2,0,0,1,0.55,0.0212,0
493,2,2,0,0,1,0.6,0.0212,0
494,2,2,0,0,1,0.65,0.0212,0
495,2,2,0,0,1,0.7,0.0212,0
496,2,2,0,0,1,0.75,0.0212,0
497,2,3,1,0,0,0.02,0.0,0
498,2,3,1,0,0,0.04,0.0,0
499,2,3,1,0,0,0.06,0.0,0
500,2,3,1,0,0,0.08,0.0,0
501,2,3,1,0,0,0.1,0.0,0
502,2,3,1,0,0,0.12,0.0,0
503,2,3,1,0,0,0.1399999999999999,0.0,0
504,2,3,1,0,0,0.16,0.0,0
505,2,3,1,0,0,0.18,0.0,0
506,2,3,1,0,0,0.2,0.0234,0
507,2,3,1,0,0,0.22,0.025,0
508,2,3,1,0,0,0.24,0.0257,0
509,2,3,1,0,0,0.26,0.026,0
510,2,3,1,0,0,0.28,0.0262,0
511,2,3,1,0,0,0.3,0.0263,0
512,2,3,1,0,0,0.36,0.0264,0
513,2,3,1,0,0,0.4,0.0264,0
514,2,3,1,0,0,0.45,0.0264,0
515,2,3,1,0,0,0.5,0.0264,0
516,2,3,1,0,0,0.55,0.0264,0
517,2,3,1,0,0,0.6,0.0264,0
518,2,3,1,0,0,0.65,0.0264,0
519,2,3,1,0,0,0.7,0.0264,0
520,2,3,1,0,0,0.75,0.0265,0
521,2,3,1,0,0,0.8,0.0267,0
522,2,3,1,0,0,0.85,0.027,0
523,2,3,1,0,0,0.9,0.0272,0
524,2,3,1,0,0,0.95,0.0274,0
525,2,3,1,0,0,1.0,0.0275,0
526,2,3,0,1,0,0.02,0.0,0
527,2,3,0,1,0,0.04,0.0,0
528,2,3,0,1,0,0.06,0.0,0
529,2,3,0,1,0,0.08,0.0,0
530,2,3,0,1,0,0.1,0.0,0
531,2,3,0,1,0,0.12,0.0,0
532,2,3,0,1,0,0.1399999999999999,0.0,0
533,2,3,0,1,0,0.16,0.0243,0
534,2,3,0,1,0,0.18,0.0255,0
535,2,3,0,1,0,0.2,0.026,0
536,2,3,0,1,0,0.22,0.0262,0
537,2,3,0,1,0,0.24,0.0263,0
538,2,3,0,1,0,0.26,0.0264,0
539,2,3,0,1,0,0.28,0.0264,0
540,2,3,0,1,0,0.3,0.0264,0
541,2,3,0,1,0,0.36,0.0264,0
542,2,3,0,1,0,0.4,0.0264,0
543,2,3,0,1,0,0.45,0.0264,0
544,2,3,0,1,0,0.5,0.0264,0
545,2,3,0,1,0,0.55,0.0264,0
546,2,3,0,1,0,0.6,0.0266,0
547,2,3,0,1,0,0.65,0.027,0
548,2,3,0,1,0,0.7,0.0272,0
549,2,3,0,1,0,0.75,0.0275,0
550,2,3,0,1,0,0.8,0.0276,0
551,2,3,0,1,0,0.85,0.0278,0
552,2,3,0,1,0,0.9,0.0279,0
553,2,3,0,1,0,0.95,0.0281,0
554,2,3,0,1,0,1.0,0.0282,0
555,2,3,0,0,1,0.02,0.0,0
556,2,3,0,0,1,0.04,0.0,0
557,2,3,0,0,1,0.06,0.0,0
558,2,3,0,0,1,0.08,0.0,0
559,2,3,0,0,1,0.1,0.0,0
560,2,3,0,0,1,0.12,0.0,0
561,2,3,0,0,1,0.1399999999999999,0.0,0
562,2,3,0,0,1,0.16,0.0243,0
563,2,3,0,0,1,0.18,0.0255,0
564,2,3,0,0,1,0.2,0.026,0
565,2,3,0,0,1,0.22,0.0262,0
566,2,3,0,0,1,0.24,0.0263,0
567,2,3,0,0,1,0.26,0.0264,0
568,2,3,0,0,1,0.28,0.0264,0
569,2,3,0,0,1,0.3,0.0264,0
570,2,3,0,0,1,0.36,0.0264,0
571,2,3,0,0,1,0.4,0.0264,0
572,2,3,0,0,1,0.45,0.0264,0
573,2,3,0,0,1,0.5,0.0264,0
574,2,3,0,0,1,0.55,0.0264,0
575,2,3,0,0,1,0.6,0.0266,0
576,2,3,0,0,1,0.65,0.027,0
577,2,3,0,0,1,0.7,0.0272,0
578,2,3,0,0,1,0.75,0.0275,0
579,2,4,1,0,0,0.02,0.0,0
580,2,4,1,0,0,0.04,0.0,0
581,2,4,1,0,0,0.06,0.0,0
582,2,4,1,0,0,0.08,0.0,0
583,2,4,1,0,0,0.1,0.0,0
584,2,4,1,0,0,0.12,0.0,0
585,2,4,1,0,0,0.1399999999999999,0.0,0
586,2,4,1,0,0,0.16,0.0,0
587,2,4,1,0,0,0.18,0.0236,0
588,2,4,1,0,0,0.2,0.0285,0
589,2,4,1,0,0,0.22,0.0302,0
590,2,4,1,0,0,0.24,0.0312,0
591,2,4,1,0,0,0.26,0.0317,0
592,2,4,1,0,0,0.28,0.032,0
593,2,4,1,0,0,0.3,0.0321,0
594,2,4,1,0,0,0.36,0.0323,0
595,2,4,1,0,0,0.4,0.0323,0
596,2,4,1,0,0,0.45,0.0323,0
597,2,4,1,0,0,0.5,0.0323,0
598,2,4,1,0,0,0.55,0.0323,0
599,2,4,1,0,0,0.6,0.0323,0
600,2,4,1,0,0,0.65,0.0325,0
601,2,4,1,0,0,0.7,0.0329,0
602,2,4,1,0,0,0.75,0.0333,0
603,2,4,1,0,0,0.8,0.0335,0
604,2,4,1,0,0,0.85,0.0337,0
605,2,4,1,0,0,0.9,0.0339,0
606,2,4,1,0,0,0.95,0.0341,0
607,2,4,1,0,0,1.0,0.0342,0
608,2,4,0,1,0,0.02,0.0,0
609,2,4,0,1,0,0.04,0.0,0
610,2,4,0,1,0,0.06,0.0,0
611,2,4,0,1,0,0.08,0.0,0
612,2,4,0,1,0,0.1,0.0,0
613,2,4,0,1,0,0.12,0.0,0
614,2,4,0,1,0,0.1399999999999999,0.0271,0
615,2,4,0,1,0,0.16,0.0302,0
616,2,4,0,1,0,0.18,0.0315,0
617,2,4,0,1,0,0.2,0.0319,0
618,2,4,0,1,0,0.22,0.0321,0
619,2,4,0,1,0,0.24,0.0322,0
620,2,4,0,1,0,0.26,0.0323,0
621,2,4,0,1,0,0.28,0.0323,0
622,2,4,0,1,0,0.3,0.0323,0
623,2,4,0,1,0,0.36,0.0323,0
624,2,4,0,1,0,0.4,0.0323,0
625,2,4,0,1,0,0.45,0.0323,0
626,2,4,0,1,0,0.5,0.0328,0
627,2,4,0,1,0,0.55,0.0333,0
628,2,4,0,1,0,0.6,0.0336,0
629,2,4,0,1,0,0.65,0.0339,0
630,2,4,0,1,0,0.7,0.0341,0
631,2,4,0,1,0,0.75,0.0343,0
632,2,4,0,1,0,0.8,0.0344,0
633,2,4,0,1,0,0.85,0.0346,0
634,2,4,0,1,0,0.9,0.0347,0
635,2,4,0,1,0,0.95,0.0348,0
636,2,4,0,0,1,0.02,0.0,0
637,2,4,0,0,1,0.04,0.0,0
638,2,4,0,0,1,0.06,0.0,0
639,2,4,0,0,1,0.08,0.0,0
640,2,4,0,0,1,0.1,0.0,0
641,2,4,0,0,1,0.12,0.0284,0
642,2,4,0,0,1,0.1399999999999999,0.0309,0
643,2,4,0,0,1,0.16,0.0318,0
644,2,4,0,0,1,0.18,0.0321,0
645,2,4,0,0,1,0.2,0.0322,0
646,2,4,0,0,1,0.22,0.0323,0
647,2,4,0,0,1,0.24,0.0323,0
648,2,4,0,0,1,0.26,0.0323,0
649,2,4,0,0,1,0.28,0.0323,0
650,2,4,0,0,1,0.3,0.0323,0
651,2,4,0,0,1,0.36,0.0323,0
652,2,4,0,0,1,0.4,0.0326,0
653,2,4,0,0,1,0.45,0.0332,0
654,2,4,0,0,1,0.5,0.0337,0
655,2,4,0,0,1,0.55,0.034,0
656,2,4,0,0,1,0.6,0.0342,0
657,2,4,0,0,1,0.65,0.0344,0
658,2,4,0,0,1,0.7,0.0346,0
659,2,4,0,0,1,0.75,0.0347,0
660,2,5,1,0,0,0.02,0.0,0
661,2,5,1,0,0,0.04,0.0,0
662,2,5,1,0,0,0.06,0.0,0
663,2,5,1,0,0,0.08,0.0,0
664,2,5,1,0,0,0.1,0.0,0
665,2,5,1,0,0,0.12,0.0,0
666,2,5,1,0,0,0.1399999999999999,0.0,0
667,2,5,1,0,0,0.16,0.0,0
668,2,5,1,0,0,0.18,0.0297,0
669,2,5,1,0,0,0.2,0.0343,0
670,2,5,1,0,0,0.22,0.0362,0
671,2,5,1,0,0,0.24,0.0376,0
672,2,5,1,0,0,0.26,0.0383,0
673,2,5,1,0,0,0.28,0.0386,0
674,2,5,1,0,0,0.3,0.0388,0
675,2,5,1,0,0,0.36,0.039,0
676,2,5,1,0,0,0.4,0.039,0
677,2,5,1,0,0,0.45,0.039,0
678,2,5,1,0,0,0.5,0.039,0
679,2,5,1,0,0,0.55,0.039,0
680,2,5,1,0,0,0.6,0.0395,0
681,2,5,1,0,0,0.65,0.04,0
682,2,5,1,0,0,0.7,0.0404,0
683,2,5,1,0,0,0.75,0.0407,0
684,2,5,1,0,0,0.8,0.041,0
685,2,5,1,0,0,0.85,0.0412,0
686,2,5,1,0,0,0.9,0.0414,0
687,2,5,1,0,0,0.95,0.0415,0
688,2,5,1,0,0,1.0,0.0417,0
689,2,5,0,1,0,0.02,0.0,0
690,2,5,0,1,0,0.04,0.0,0
691,2,5,0,1,0,0.06,0.0,0
692,2,5,0,1,0,0.08,0.0,0
693,2,5,0,1,0,0.1,0.0,0
694,2,5,0,1,0,0.12,0.0,0
695,2,5,0,1,0,0.1399999999999999,0.0323,0
696,2,5,0,1,0,0.16,0.036,0
697,2,5,0,1,0,0.18,0.0378,0
698,2,5,0,1,0,0.2,0.0385,0
699,2,5,0,1,0,0.22,0.0388,0
700,2,5,0,1,0,0.24,0.0389,0
701,2,5,0,1,0,0.26,0.039,0
702,2,5,0,1,0,0.28,0.039,0
703,2,5,0,1,0,0.3,0.039,0
704,2,5,0,1,0,0.36,0.039,0
705,2,5,0,1,0,0.4,0.039,0
706,2,5,0,1,0,0.45,0.0396,0
707,2,5,0,1,0,0.5,0.0402,0
708,2,5,0,1,0,0.55,0.0407,0
709,2,5,0,1,0,0.6,0.0411,0
710,2,5,0,1,0,0.65,0.0413,0
711,2,5,0,1,0,0.7,0.0415,0
712,2,5,0,1,0,0.75,0.0417,0
713,2,5,0,1,0,0.8,0.0419,0
714,2,5,0,1,0,0.85,0.042,0
715,2,5,0,1,0,0.9,0.0421,0
716,2,5,0,1,0,0.95,0.0421,0
717,2,5,0,0,1,0.02,0.0,0
718,2,5,0,0,1,0.04,0.0,0
719,2,5,0,0,1,0.06,0.0,0
720,2,5,0,0,1,0.08,0.0,0
721,2,5,0,0,1,0.1,0.0,0
722,2,5,0,0,1,0.12,0.0344,0
723,2,5,0,0,1,0.1399999999999999,0.0372,0
724,2,5,0,0,1,0.16,0.0384,0
725,2,5,0,0,1,0.18,0.0388,0
726,2,5,0,0,1,0.2,0.0389,0
727,2,5,0,0,1,0.22,0.039,0
728,2,5,0,0,1,0.24,0.039,0
729,2,5,0,0,1,0.26,0.039,0
730,2,5,0,0,1,0.28,0.039,0
731,2,5,0,0,1,0.3,0.039,0
732,2,5,0,0,1,0.36,0.0395,0
733,2,5,0,0,1,0.4,0.0401,0
734,2,5,0,0,1,0.45,0.0407,0
735,2,5,0,0,1,0.5,0.0411,0
736,2,5,0,0,1,0.55,0.0414,0
737,2,5,0,0,1,0.6,0.0417,0
738,2,5,0,0,1,0.65,0.0418,0
739,2,5,0,0,1,0.7,0.042,0
740,2,5,0,0,1,0.75,0.0421,0
741,2,6,1,0,0,0.02,0.0,0
742,2,6,1,0,0,0.04,0.0,0
743,2,6,1,0,0,0.06,0.0,0
744,2,6,1,0,0,0.08,0.0,0
745,2,6,1,0,0,0.1,0.0,0
746,2,6,1,0,0,0.12,0.0,0
747,2,6,1,0,0,0.1399999999999999,0.0,0
748,2,6,1,0,0,0.16,0.0,0
749,2,6,1,0,0,0.18,0.0327,0
750,2,6,1,0,0,0.2,0.0389,0
751,2,6,1,0,0,0.22,0.0421,0
752,2,6,1,0,0,0.24,0.0438,0
753,2,6,1,0,0,0.26,0.0448,0
754,2,6,1,0,0,0.28,0.0453,0
755,2,6,1,0,0,0.3,0.0456,0
756,2,6,1,0,0,0.36,0.046,0
757,2,6,1,0,0,0.4,0.0461,0
758,2,6,1,0,0,0.45,0.0461,0
759,2,6,1,0,0,0.5,0.0461,0
760,2,6,1,0,0,0.55,0.0465,0
761,2,6,1,0,0,0.6,0.0471,0
762,2,6,1,0,0,0.65,0.0478,0
763,2,6,1,0,0,0.7,0.0483,0
764,2,6,1,0,0,0.75,0.0487,0
765,2,6,1,0,0,0.8,0.049,0
766,2,6,1,0,0,0.85,0.0493,0
767,2,6,1,0,0,0.9,0.0495,0
768,2,6,1,0,0,0.95,0.0496,0
769,2,6,1,0,0,1.0,0.0497,0
770,2,6,0,1,0,0.02,0.0,0
771,2,6,0,1,0,0.04,0.0,0
772,2,6,0,1,0,0.06,0.0,0
773,2,6,0,1,0,0.08,0.0,0
774,2,6,0,1,0,0.1,0.0,0
775,2,6,0,1,0,0.12,0.0,0
776,2,6,0,1,0,0.1399999999999999,0.0357,0
777,2,6,0,1,0,0.16,0.0417,0
778,2,6,0,1,0,0.18,0.044,0
779,2,6,0,1,0,0.2,0.0452,0
780,2,6,0,1,0,0.22,0.0456,0
781,2,6,0,1,0,0.24,0.0459,0
782,2,6,0,1,0,0.26,0.046,0
783,2,6,0,1,0,0.28,0.046,0
784,2,6,0,1,0,0.3,0.0461,0
785,2,6,0,1,0,0.36,0.0461,0
786,2,6,0,1,0,0.4,0.0464,0
787,2,6,0,1,0,0.45,0.0473,0
788,2,6,0,1,0,0.5,0.0481,0
789,2,6,0,1,0,0.55,0.0487,0
790,2,6,0,1,0,0.6,0.0491,0
791,2,6,0,1,0,0.65,0.0494,0
792,2,6,0,1,0,0.7,0.0496,0
793,2,6,0,1,0,0.75,0.0498,0
794,2,6,0,1,0,0.8,0.0499,0
795,2,6,0,0,1,0.02,0.0,0
796,2,6,0,0,1,0.04,0.0,0
797,2,6,0,0,1,0.06,0.0,0
798,2,6,0,0,1,0.08,0.0,0
799,2,6,0,0,1,0.1,0.0,0
800,2,6,0,0,1,0.12,0.039,0
801,2,6,0,0,1,0.1399999999999999,0.0434,0
802,2,6,0,0,1,0.16,0.045,0
803,2,6,0,0,1,0.18,0.0457,0
804,2,6,0,0,1,0.2,0.0459,0
805,2,6,0,0,1,0.22,0.046,0
806,2,6,0,0,1,0.24,0.0461,0
807,2,6,0,0,1,0.26,0.0461,0
808,2,6,0,0,1,0.28,0.0461,0
809,2,6,0,0,1,0.3,0.0461,0
810,2,6,0,0,1,0.36,0.0471,0
811,2,6,0,0,1,0.4,0.048,0
812,2,6,0,0,1,0.45,0.0487,0
813,2,6,0,0,1,0.5,0.0492,0
814,2,6,0,0,1,0.55,0.0495,0
815,2,6,0,0,1,0.6,0.0497,0
816,2,6,0,0,1,0.65,0.0499,0
817,3,2,1,0,0,0.02,0.0,0
818,3,2,1,0,0,0.04,0.0,0
819,3,2,1,0,0,0.06,0.0,0
820,3,2,1,0,0,0.08,0.0,0
821,3,2,1,0,0,0.1,0.0,0
822,3,2,1,0,0,0.12,0.0,0
823,3,2,1,0,0,0.1399999999999999,0.0,0
824,3,2,1,0,0,0.16,0.0,0
825,3,2,1,0,0,0.18,0.0,0
826,3,2,1,0,0,0.2,0.0,0
827,3,2,1,0,0,0.22,0.0183,0
828,3,2,1,0,0,0.24,0.0202,0
829,3,2,1,0,0,0.26,0.0207,0
830,3,2,1,0,0,0.28,0.0209,0
831,3,2,1,0,0,0.3,0.021,0
832,3,2,1,0,0,0.36,0.0211,0
833,3,2,1,0,0,0.4,0.0211,0
834,3,2,1,0,0,0.45,0.0211,0
835,3,2,1,0,0,0.5,0.0211,0
836,3,2,1,0,0,0.55,0.0212,0
837,3,2,1,0,0,0.6,0.0212,0
838,3,2,1,0,0,0.65,0.0212,0
839,3,2,1,0,0,0.7,0.0212,0
840,3,2,1,0,0,0.75,0.0212,0
841,3,2,1,0,0,0.8,0.0212,0
842,3,2,1,0,0,0.85,0.0212,0
843,3,2,1,0,0,0.9,0.0212,0
844,3,2,1,0,0,0.95,0.0212,0
845,3,2,1,0,0,1.0,0.0212,0
846,3,2,0,1,0,0.02,0.0,0
847,3,2,0,1,0,0.04,0.0,0
848,3,2,0,1,0,0.06,0.0,0
849,3,2,0,1,0,0.08,0.0,0
850,3,2,0,1,0,0.1,0.0,0
851,3,2,0,1,0,0.12,0.0,0
852,3,2,0,1,0,0.1399999999999999,0.0,0
853,3,2,0,1,0,0.16,0.0,0
854,3,2,0,1,0,0.18,0.0,0
855,3,2,0,1,0,0.2,0.0,0
856,3,2,0,1,0,0.22,0.0183,0
857,3,2,0,1,0,0.24,0.0202,0
858,3,2,0,1,0,0.26,0.0207,0
859,3,2,0,1,0,0.28,0.0209,0
860,3,2,0,1,0,0.3,0.021,0
861,3,2,0,1,0,0.36,0.0211,0
862,3,2,0,1,0,0.4,0.0211,0
863,3,2,0,1,0,0.45,0.0211,0
864,3,2,0,1,0,0.5,0.0211,0
865,3,2,0,1,0,0.55,0.0212,0
866,3,2,0,1,0,0.6,0.0212,0
867,3,2,0,1,0,0.65,0.0212,0
868,3,2,0,1,0,0.7,0.0212,0
869,3,2,0,1,0,0.75,0.0212,0
870,3,2,0,1,0,0.8,0.0212,0
871,3,2,0,1,0,0.85,0.0212,0
872,3,2,0,1,0,0.9,0.0212,0
873,3,2,0,1,0,0.95,0.0212,0
874,3,2,0,1,0,1.0,0.0212,0
875,3,2,0,0,1,0.02,0.0,0
876,3,2,0,0,1,0.04,0.0,0
877,3,2,0,0,1,0.06,0.0,0
878,3,2,0,0,1,0.08,0.0,0
879,3,2,0,0,1,0.1,0.0,0
880,3,2,0,0,1,0.12,0.0,0
881,3,2,0,0,1,0.1399999999999999,0.0,0
882,3,2,0,0,1,0.16,0.0,0
883,3,2,0,0,1,0.18,0.0,0
884,3,2,0,0,1,0.2,0.0,0
885,3,2,0,0,1,0.22,0.0183,0
886,3,2,0,0,1,0.24,0.0202,0
887,3,2,0,0,1,0.26,0.0207,0
888,3,2,0,0,1,0.28,0.0209,0
889,3,2,0,0,1,0.3,0.021,0
890,3,2,0,0,1,0.36,0.0211,0
891,3,2,0,0,1,0.4,0.0211,0
892,3,2,0,0,1,0.45,0.0211,0
893,3,2,0,0,1,0.5,0.0211,0
894,3,2,0,0,1,0.55,0.0212,0
895,3,2,0,0,1,0.6,0.0212,0
896,3,2,0,0,1,0.65,0.0212,0
897,3,2,0,0,1,0.7,0.0212,0
898,3,2,0,0,1,0.75,0.0212,0
899,3,2,0,0,1,0.8,0.0212,0
900,3,2,0,0,1,0.85,0.0212,0
901,3,3,1,0,0,0.02,0.0,0
902,3,3,1,0,0,0.04,0.0,0
903,3,3,1,0,0,0.06,0.0,0
904,3,3,1,0,0,0.08,0.0,0
905,3,3,1,0,0,0.1,0.0,0
906,3,3,1,0,0,0.12,0.0,0
907,3,3,1,0,0,0.1399999999999999,0.0,0
908,3,3,1,0,0,0.16,0.0,0
909,3,3,1,0,0,0.18,0.0,0
910,3,3,1,0,0,0.2,0.0238,0
911,3,3,1,0,0,0.22,0.0252,0
912,3,3,1,0,0,0.24,0.0257,0
913,3,3,1,0,0,0.26,0.0258,0
914,3,3,1,0,0,0.28,0.0259,0
915,3,3,1,0,0,0.3,0.026,0
916,3,3,1,0,0,0.36,0.0261,0
917,3,3,1,0,0,0.4,0.0261,0
918,3,3,1,0,0,0.45,0.0261,0
919,3,3,1,0,0,0.5,0.0261,0
920,3,3,1,0,0,0.55,0.0261,0
921,3,3,1,0,0,0.6,0.0261,0
922,3,3,1,0,0,0.65,0.0261,0
923,3,3,1,0,0,0.7,0.0261,0
924,3,3,1,0,0,0.75,0.0263,0
925,3,3,1,0,0,0.8,0.0265,0
926,3,3,1,0,0,0.85,0.0268,0
927,3,3,1,0,0,0.9,0.027,0
928,3,3,1,0,0,0.95,0.0271,0
929,3,3,1,0,0,1.0,0.0273,0
930,3,3,0,1,0,0.02,0.0,0
931,3,3,0,1,0,0.04,0.0,0
932,3,3,0,1,0,0.06,0.0,0
933,3,3,0,1,0,0.08,0.0,0
934,3,3,0,1,0,0.1,0.0,0
935,3,3,0,1,0,0.12,0.0,0
936,3,3,0,1,0,0.1399999999999999,0.0211,0
937,3,3,0,1,0,0.16,0.025,0
938,3,3,0,1,0,0.18,0.0257,0
939,3,3,0,1,0,0.2,0.0259,0
940,3,3,0,1,0,0.22,0.026,0
941,3,3,0,1,0,0.24,0.026,0
942,3,3,0,1,0,0.26,0.0261,0
943,3,3,0,1,0,0.28,0.0261,0
944,3,3,0,1,0,0.3,0.0261,0
945,3,3,0,1,0,0.36,0.0261,0
946,3,3,0,1,0,0.4,0.0261,0
947,3,3,0,1,0,0.45,0.0261,0
948,3,3,0,1,0,0.5,0.0261,0
949,3,3,0,1,0,0.55,0.0262,0
950,3,3,0,1,0,0.6,0.0266,0
951,3,3,0,1,0,0.65,0.0269,0
952,3,3,0,1,0,0.7,0.0271,0
953,3,3,0,1,0,0.75,0.0273,0
954,3,3,0,1,0,0.8,0.0275,0
955,3,3,0,1,0,0.85,0.0276,0
956,3,3,0,1,0,0.9,0.0277,0
957,3,3,0,1,0,0.95,0.0278,0
958,3,3,0,0,1,0.02,0.0,0
959,3,3,0,0,1,0.04,0.0,0
960,3,3,0,0,1,0.06,0.0,0
961,3,3,0,0,1,0.08,0.0,0
962,3,3,0,0,1,0.1,0.0,0
963,3,3,0,0,1,0.12,0.0,0
964,3,3,0,0,1,0.1399999999999999,0.0211,0
965,3,3,0,0,1,0.16,0.025,0
966,3,3,0,0,1,0.18,0.0257,0
967,3,3,0,0,1,0.2,0.0259,0
968,3,3,0,0,1,0.22,0.026,0
969,3,3,0,0,1,0.24,0.026,0
970,3,3,0,0,1,0.26,0.0261,0
971,3,3,0,0,1,0.28,0.0261,0
972,3,3,0,0,1,0.3,0.0261,0
973,3,3,0,0,1,0.36,0.0261,0
974,3,3,0,0,1,0.4,0.0261,0
975,3,3,0,0,1,0.45,0.0261,0
976,3,3,0,0,1,0.5,0.0261,0
977,3,3,0,0,1,0.55,0.0262,0
978,3,3,0,0,1,0.6,0.0266,0
979,3,3,0,0,1,0.65,0.0269,0
980,3,3,0,0,1,0.7,0.0271,0
981,3,3,0,0,1,0.75,0.0273,0
982,3,4,1,0,0,0.02,0.0,0
983,3,4,1,0,0,0.04,0.0,0
984,3,4,1,0,0,0.06,0.0,0
985,3,4,1,0,0,0.08,0.0,0
986,3,4,1,0,0,0.1,0.0,0
987,3,4,1,0,0,0.12,0.0,0
988,3,4,1,0,0,0.1399999999999999,0.0,0
989,3,4,1,0,0,0.16,0.0,0
990,3,4,1,0,0,0.18,0.025,0
991,3,4,1,0,0,0.2,0.0299,0
992,3,4,1,0,0,0.22,0.0312,0
993,3,4,1,0,0,0.24,0.0316,0
994,3,4,1,0,0,0.26,0.0318,0
995,3,4,1,0,0,0.28,0.0319,0
996,3,4,1,0,0,0.3,0.032,0
997,3,4,1,0,0,0.36,0.0321,0
998,3,4,1,0,0,0.4,0.0321,0
999,3,4,1,0,0,0.45,0.032,0
1000,3,4,1,0,0,0.5,0.032,0
1001,3,4,1,0,0,0.55,0.032,0
1002,3,4,1,0,0,0.6,0.032,0
1003,3,4,1,0,0,0.65,0.0325,0
1004,3,4,1,0,0,0.7,0.0328,0
1005,3,4,1,0,0,0.75,0.0331,0
1006,3,4,1,0,0,0.8,0.0334,0
1007,3,4,1,0,0,0.85,0.0336,0
1008,3,4,1,0,0,0.9,0.0337,0
1009,3,4,1,0,0,0.95,0.0339,0
1010,3,4,1,0,0,1.0,0.034,0
1011,3,4,0,1,0,0.02,0.0,0
1012,3,4,0,1,0,0.04,0.0,0
1013,3,4,0,1,0,0.06,0.0,0
1014,3,4,0,1,0,0.08,0.0,0
1015,3,4,0,1,0,0.1,0.0,0
1016,3,4,0,1,0,0.12,0.0,0
1017,3,4,0,1,0,0.1399999999999999,0.0288,0
1018,3,4,0,1,0,0.16,0.0311,0
1019,3,4,0,1,0,0.18,0.0317,0
1020,3,4,0,1,0,0.2,0.0319,0
1021,3,4,0,1,0,0.22,0.032,0
1022,3,4,0,1,0,0.24,0.032,0
1023,3,4,0,1,0,0.26,0.0321,0
1024,3,4,0,1,0,0.28,0.0321,0
1025,3,4,0,1,0,0.3,0.0321,0
1026,3,4,0,1,0,0.36,0.032,0
1027,3,4,0,1,0,0.4,0.032,0
1028,3,4,0,1,0,0.45,0.0322,0
1029,3,4,0,1,0,0.5,0.0327,0
1030,3,4,0,1,0,0.55,0.0331,0
1031,3,4,0,1,0,0.6,0.0335,0
1032,3,4,0,1,0,0.65,0.0337,0
1033,3,4,0,1,0,0.7,0.0339,0
1034,3,4,0,1,0,0.75,0.0341,0
1035,3,4,0,1,0,0.8,0.0342,0
1036,3,4,0,1,0,0.85,0.0343,0
1037,3,4,0,1,0,0.9,0.0344,0
1038,3,4,0,0,1,0.02,0.0,0
1039,3,4,0,0,1,0.04,0.0,0
1040,3,4,0,0,1,0.06,0.0,0
1041,3,4,0,0,1,0.08,0.0,0
1042,3,4,0,0,1,0.1,0.0,0
1043,3,4,0,0,1,0.12,0.0298,0
1044,3,4,0,0,1,0.1399999999999999,0.0315,0
1045,3,4,0,0,1,0.16,0.0319,0
1046,3,4,0,0,1,0.18,0.032,0
1047,3,4,0,0,1,0.2,0.032,0
1048,3,4,0,0,1,0.22,0.0321,0
1049,3,4,0,0,1,0.24,0.0321,0
1050,3,4,0,0,1,0.26,0.032,0
1051,3,4,0,0,1,0.28,0.032,0
1052,3,4,0,0,1,0.3,0.032,0
1053,3,4,0,0,1,0.36,0.032,0
1054,3,4,0,0,1,0.4,0.0326,0
1055,3,4,0,0,1,0.45,0.0331,0
1056,3,4,0,0,1,0.5,0.0335,0
1057,3,4,0,0,1,0.55,0.0338,0
1058,3,4,0,0,1,0.6,0.034,0
1059,3,4,0,0,1,0.65,0.0342,0
1060,3,4,0,0,1,0.7,0.0343,0
1061,3,4,0,0,1,0.75,0.0345,0
1062,3,5,1,0,0,0.02,0.0,0
1063,3,5,1,0,0,0.04,0.0,0
1064,3,5,1,0,0,0.06,0.0,0
1065,3,5,1,0,0,0.08,0.0,0
1066,3,5,1,0,0,0.1,0.0,0
1067,3,5,1,0,0,0.12,0.0,0
1068,3,5,1,0,0,0.1399999999999999,0.0,0
1069,3,5,1,0,0,0.16,0.0,0
1070,3,5,1,0,0,0.18,0.0,0
1071,3,5,1,0,0,0.2,0.0352,0
1072,3,5,1,0,0,0.22,0.037,0
1073,3,5,1,0,0,0.24,0.0377,0
1074,3,5,1,0,0,0.26,0.0381,0
1075,3,5,1,0,0,0.28,0.0382,0
1076,3,5,1,0,0,0.3,0.0383,0
1077,3,5,1,0,0,0.36,0.0384,0
1078,3,5,1,0,0,0.4,0.0383,0
1079,3,5,1,0,0,0.45,0.0383,0
1080,3,5,1,0,0,0.5,0.0383,0
1081,3,5,1,0,0,0.55,0.0386,0
1082,3,5,1,0,0,0.6,0.0392,0
1083,3,5,1,0,0,0.65,0.0396,0
1084,3,5,1,0,0,0.7,0.04,0
1085,3,5,1,0,0,0.75,0.0403,0
1086,3,5,1,0,0,0.8,0.0405,0
1087,3,5,1,0,0,0.85,0.0407,0
1088,3,5,1,0,0,0.9,0.0408,0
1089,3,5,1,0,0,0.95,0.041,0
1090,3,5,1,0,0,1.0,0.0411,0
1091,3,5,0,1,0,0.02,0.0,0
1092,3,5,0,1,0,0.04,0.0,0
1093,3,5,0,1,0,0.06,0.0,0
1094,3,5,0,1,0,0.08,0.0,0
1095,3,5,0,1,0,0.1,0.0,0
1096,3,5,0,1,0,0.12,0.0,0
1097,3,5,0,1,0,0.1399999999999999,0.0334,0
1098,3,5,0,1,0,0.16,0.0368,0
1099,3,5,0,1,0,0.18,0.0378,0
1100,3,5,0,1,0,0.2,0.0382,0
1101,3,5,0,1,0,0.22,0.0383,0
1102,3,5,0,1,0,0.24,0.0383,0
1103,3,5,0,1,0,0.26,0.0384,0
1104,3,5,0,1,0,0.28,0.0384,0
1105,3,5,0,1,0,0.3,0.0383,0
1106,3,5,0,1,0,0.36,0.0383,0
1107,3,5,0,1,0,0.4,0.0386,0
1108,3,5,0,1,0,0.45,0.0393,0
1109,3,5,0,1,0,0.5,0.0399,0
1110,3,5,0,1,0,0.55,0.0403,0
1111,3,5,0,1,0,0.6,0.0405,0
1112,3,5,0,1,0,0.65,0.0408,0
1113,3,5,0,1,0,0.7,0.041,0
1114,3,5,0,1,0,0.75,0.0411,0
1115,3,5,0,1,0,0.8,0.0412,0
1116,3,5,0,1,0,0.85,0.0413,0
1117,3,5,0,0,1,0.02,0.0,0
1118,3,5,0,0,1,0.04,0.0,0
1119,3,5,0,0,1,0.06,0.0,0
1120,3,5,0,0,1,0.08,0.0,0
1121,3,5,0,0,1,0.1,0.0246,0
1122,3,5,0,0,1,0.12,0.0352,0
1123,3,5,0,0,1,0.1399999999999999,0.0376,0
1124,3,5,0,0,1,0.16,0.0381,0
1125,3,5,0,0,1,0.18,0.0383,0
1126,3,5,0,0,1,0.2,0.0383,0
1127,3,5,0,0,1,0.22,0.0384,0
1128,3,5,0,0,1,0.24,0.0383,0
1129,3,5,0,0,1,0.26,0.0383,0
1130,3,5,0,0,1,0.28,0.0383,0
1131,3,5,0,0,1,0.3,0.0383,0
1132,3,5,0,0,1,0.36,0.0392,0
1133,3,5,0,0,1,0.4,0.0398,0
1134,3,5,0,0,1,0.45,0.0403,0
1135,3,5,0,0,1,0.5,0.0406,0
1136,3,5,0,0,1,0.55,0.0409,0
1137,3,5,0,0,1,0.6,0.0411,0
1138,3,5,0,0,1,0.65,0.0412,0
1139,3,5,0,0,1,0.7,0.0414,0
1140,3,6,1,0,0,0.02,0.0,0
1141,3,6,1,0,0,0.04,0.0,0
1142,3,6,1,0,0,0.06,0.0,0
1143,3,6,1,0,0,0.08,0.0,0
1144,3,6,1,0,0,0.1,0.0,0
1145,3,6,1,0,0,0.12,0.0,0
1146,3,6,1,0,0,0.1399999999999999,0.0,0
1147,3,6,1,0,0,0.16,0.0,0
1148,3,6,1,0,0,0.18,0.0,0
1149,3,6,1,0,0,0.2,0.0408,0
1150,3,6,1,0,0,0.22,0.0434,0
1151,3,6,1,0,0,0.24,0.0444,0
1152,3,6,1,0,0,0.26,0.0449,0
1153,3,6,1,0,0,0.28,0.0451,0
1154,3,6,1,0,0,0.3,0.0452,0
1155,3,6,1,0,0,0.36,0.0453,0
1156,3,6,1,0,0,0.4,0.0453,0
1157,3,6,1,0,0,0.45,0.0453,0
1158,3,6,1,0,0,0.5,0.0455,0
1159,3,6,1,0,0,0.55,0.046,0
1160,3,6,1,0,0,0.6,0.0467,0
1161,3,6,1,0,0,0.65,0.0472,0
1162,3,6,1,0,0,0.7,0.0477,0
1163,3,6,1,0,0,0.75,0.048,0
1164,3,6,1,0,0,0.8,0.0482,0
1165,3,6,1,0,0,0.85,0.0484,0
1166,3,6,1,0,0,0.9,0.0486,0
1167,3,6,1,0,0,0.95,0.0487,0
1168,3,6,1,0,0,1.0,0.0488,0
1169,3,6,0,1,0,0.02,0.0,0
1170,3,6,0,1,0,0.04,0.0,0
1171,3,6,0,1,0,0.06,0.0,0
1172,3,6,0,1,0,0.08,0.0,0
1173,3,6,0,1,0,0.1,0.0,0
1174,3,6,0,1,0,0.12,0.0,0
1175,3,6,0,1,0,0.1399999999999999,0.0384,0
1176,3,6,0,1,0,0.16,0.0432,0
1177,3,6,0,1,0,0.18,0.0445,0
1178,3,6,0,1,0,0.2,0.045,0
1179,3,6,0,1,0,0.22,0.0452,0
1180,3,6,0,1,0,0.24,0.0453,0
1181,3,6,0,1,0,0.26,0.0453,0
1182,3,6,0,1,0,0.28,0.0453,0
1183,3,6,0,1,0,0.3,0.0453,0
1184,3,6,0,1,0,0.36,0.0454,0
1185,3,6,0,1,0,0.4,0.046,0
1186,3,6,0,1,0,0.45,0.0468,0
1187,3,6,0,1,0,0.5,0.0475,0
1188,3,6,0,1,0,0.55,0.048,0
1189,3,6,0,1,0,0.6,0.0483,0
1190,3,6,0,1,0,0.65,0.0485,0
1191,3,6,0,1,0,0.7,0.0487,0
1192,3,6,0,1,0,0.75,0.0489,0
1193,3,6,0,0,1,0.02,0.0,0
1194,3,6,0,0,1,0.04,0.0,0
1195,3,6,0,0,1,0.06,0.0,0
1196,3,6,0,0,1,0.08,0.0,0
1197,3,6,0,0,1,0.1,0.0296,0
1198,3,6,0,0,1,0.12,0.0408,0
1199,3,6,0,0,1,0.1399999999999999,0.0442,0
1200,3,6,0,0,1,0.16,0.045,0
1201,3,6,0,0,1,0.18,0.0452,0
1202,3,6,0,0,1,0.2,0.0453,0
1203,3,6,0,0,1,0.22,0.0453,0
1204,3,6,0,0,1,0.24,0.0453,0
1205,3,6,0,0,1,0.26,0.0453,0
1206,3,6,0,0,1,0.28,0.0453,0
1207,3,6,0,0,1,0.3,0.0455,0
1208,3,6,0,0,1,0.36,0.0467,0
1209,3,6,0,0,1,0.4,0.0474,0
1210,3,6,0,0,1,0.45,0.048,0
1211,3,6,0,0,1,0.5,0.0484,0
1212,3,6,0,0,1,0.55,0.0486,0
1213,3,6,0,0,1,0.6,0.0488,0
1214,4,2,1,0,0,0.02,0.0,0
1215,4,2,1,0,0,0.04,0.0,0
1216,4,2,1,0,0,0.06,0.0,0
1217,4,2,1,0,0,0.08,0.0,0
1218,4,2,1,0,0,0.1,0.0,0
1219,4,2,1,0,0,0.12,0.0,0
1220,4,2,1,0,0,0.1399999999999999,0.0,0
1221,4,2,1,0,0,0.16,0.0,0
1222,4,2,1,0,0,0.18,0.0,0
1223,4,2,1,0,0,0.2,0.0,0
1224,4,2,1,0,0,0.22,0.0192,0
1225,4,2,1,0,0,0.24,0.0204,0
1226,4,2,1,0,0,0.26,0.0207,0
1227,4,2,1,0,0,0.28,0.0208,0
1228,4,2,1,0,0,0.3,0.0209,0
1229,4,2,1,0,0,0.36,0.0209,0
1230,4,2,1,0,0,0.4,0.021,0
1231,4,2,1,0,0,0.45,0.021,0
1232,4,2,1,0,0,0.5,0.021,0
1233,4,2,1,0,0,0.55,0.021,0
1234,4,2,1,0,0,0.6,0.021,0
1235,4,2,1,0,0,0.65,0.021,0
1236,4,2,1,0,0,0.7,0.021,0
1237,4,2,1,0,0,0.75,0.021,0
1238,4,2,1,0,0,0.8,0.021,0
1239,4,2,1,0,0,0.85,0.021,0
1240,4,2,1,0,0,0.9,0.021,0
1241,4,2,1,0,0,0.95,0.021,0
1242,4,2,1,0,0,1.0,0.0212,0
1243,4,2,0,1,0,0.02,0.0,0
1244,4,2,0,1,0,0.04,0.0,0
1245,4,2,0,1,0,0.06,0.0,0
1246,4,2,0,1,0,0.08,0.0,0
1247,4,2,0,1,0,0.1,0.0,0
1248,4,2,0,1,0,0.12,0.0,0
1249,4,2,0,1,0,0.1399999999999999,0.0,0
1250,4,2,0,1,0,0.16,0.0,0
1251,4,2,0,1,0,0.18,0.0,0
1252,4,2,0,1,0,0.2,0.0,0
1253,4,2,0,1,0,0.22,0.0192,0
1254,4,2,0,1,0,0.24,0.0204,0
1255,4,2,0,1,0,0.26,0.0207,0
1256,4,2,0,1,0,0.28,0.0208,0
1257,4,2,0,1,0,0.3,0.0209,0
1258,4,2,0,1,0,0.36,0.0209,0
1259,4,2,0,1,0,0.4,0.021,0
1260,4,2,0,1,0,0.45,0.021,0
1261,4,2,0,1,0,0.5,0.021,0
1262,4,2,0,1,0,0.55,0.021,0
1263,4,2,0,1,0,0.6,0.021,0
1264,4,2,0,1,0,0.65,0.021,0
1265,4,2,0,1,0,0.7,0.021,0
1266,4,2,0,1,0,0.75,0.021,0
1267,4,2,0,1,0,0.8,0.021,0
1268,4,2,0,1,0,0.85,0.021,0
1269,4,2,0,1,0,0.9,0.021,0
1270,4,2,0,1,0,0.95,0.021,0
1271,4,2,0,1,0,1.0,0.0212,0
1272,4,2,0,0,1,0.02,0.0,0
1273,4,2,0,0,1,0.04,0.0,0
1274,4,2,0,0,1,0.06,0.0,0
1275,4,2,0,0,1,0.08,0.0,0
1276,4,2,0,0,1,0.1,0.0,0
1277,4,2,0,0,1,0.12,0.0,0
1278,4,2,0,0,1,0.1399999999999999,0.0,0
1279,4,2,0,0,1,0.16,0.0,0
1280,4,2,0,0,1,0.18,0.0,0
1281,4,2,0,0,1,0.2,0.0,0
1282,4,2,0,0,1,0.22,0.0192,0
1283,4,2,0,0,1,0.24,0.0204,0
1284,4,2,0,0,1,0.26,0.0207,0
1285,4,2,0,0,1,0.28,0.0208,0
1286,4,2,0,0,1,0.3,0.0209,0
1287,4,2,0,0,1,0.36,0.0209,0
1288,4,2,0,0,1,0.4,0.021,0
1289,4,2,0,0,1,0.45,0.021,0
1290,4,2,0,0,1,0.5,0.021,0
1291,4,2,0,0,1,0.55,0.021,0
1292,4,2,0,0,1,0.6,0.021,0
1293,4,2,0,0,1,0.65,0.021,0
1294,4,2,0,0,1,0.7,0.021,0
1295,4,2,0,0,1,0.75,0.021,0
1296,4,2,0,0,1,0.8,0.021,0
1297,4,3,1,0,0,0.02,0.0,0
1298,4,3,1,0,0,0.04,0.0,0
1299,4,3,1,0,0,0.06,0.0,0
1300,4,3,1,0,0,0.08,0.0,0
1301,4,3,1,0,0,0.1,0.0,0
1302,4,3,1,0,0,0.12,0.0,0
1303,4,3,1,0,0,0.1399999999999999,0.0,0
1304,4,3,1,0,0,0.16,0.0,0
1305,4,3,1,0,0,0.18,0.0,0
1306,4,3,1,0,0,0.2,0.0247,0
1307,4,3,1,0,0,0.22,0.0255,0
1308,4,3,1,0,0,0.24,0.0258,0
1309,4,3,1,0,0,0.26,0.0259,0
1310,4,3,1,0,0,0.28,0.0259,0
1311,4,3,1,0,0,0.3,0.026,0
1312,4,3,1,0,0,0.36,0.026,0
1313,4,3,1,0,0,0.4,0.026,0
1314,4,3,1,0,0,0.45,0.026,0
1315,4,3,1,0,0,0.5,0.026,0
1316,4,3,1,0,0,0.55,0.026,0
1317,4,3,1,0,0,0.6,0.026,0
1318,4,3,1,0,0,0.65,0.026,0
1319,4,3,1,0,0,0.7,0.026,0
1320,4,3,1,0,0,0.75,0.0263,0
1321,4,3,1,0,0,0.8,0.0265,0
1322,4,3,1,0,0,0.85,0.0267,0
1323,4,3,1,0,0,0.9,0.0269,0
1324,4,3,1,0,0,0.95,0.0271,0
1325,4,3,1,0,0,1.0,0.0272,0
1326,4,3,0,1,0,0.02,0.0,0
1327,4,3,0,1,0,0.04,0.0,0
1328,4,3,0,1,0,0.06,0.0,0
1329,4,3,0,1,0,0.08,0.0,0
1330,4,3,0,1,0,0.1,0.0,0
1331,4,3,0,1,0,0.12,0.0,0
1332,4,3,0,1,0,0.1399999999999999,0.0236,0
1333,4,3,0,1,0,0.16,0.0255,0
1334,4,3,0,1,0,0.18,0.0258,0
1335,4,3,0,1,0,0.2,0.0259,0
1336,4,3,0,1,0,0.22,0.026,0
1337,4,3,0,1,0,0.24,0.026,0
1338,4,3,0,1,0,0.26,0.026,0
1339,4,3,0,1,0,0.28,0.026,0
1340,4,3,0,1,0,0.3,0.026,0
1341,4,3,0,1,0,0.36,0.026,0
1342,4,3,0,1,0,0.4,0.026,0
1343,4,3,0,1,0,0.45,0.026,0
1344,4,3,0,1,0,0.5,0.026,0
1345,4,3,0,1,0,0.55,0.0263,0
1346,4,3,0,1,0,0.6,0.0266,0
1347,4,3,0,1,0,0.65,0.0269,0
1348,4,3,0,1,0,0.7,0.0271,0
1349,4,3,0,1,0,0.75,0.0273,0
1350,4,3,0,1,0,0.8,0.0274,0
1351,4,3,0,1,0,0.85,0.0276,0
1352,4,3,0,1,0,0.9,0.0277,0
1353,4,3,0,1,0,0.95,0.0278,0
1354,4,3,0,0,1,0.02,0.0,0
1355,4,3,0,0,1,0.04,0.0,0
1356,4,3,0,0,1,0.06,0.0,0
1357,4,3,0,0,1,0.08,0.0,0
1358,4,3,0,0,1,0.1,0.0,0
1359,4,3,0,0,1,0.12,0.0,0
1360,4,3,0,0,1,0.1399999999999999,0.0241,0
1361,4,3,0,0,1,0.16,0.0255,0
1362,4,3,0,0,1,0.18,0.0258,0
1363,4,3,0,0,1,0.2,0.0259,0
1364,4,3,0,0,1,0.22,0.026,0
1365,4,3,0,0,1,0.24,0.026,0
1366,4,3,0,0,1,0.26,0.026,0
1367,4,3,0,0,1,0.28,0.026,0
1368,4,3,0,0,1,0.3,0.026,0
1369,4,3,0,0,1,0.36,0.026,0
1370,4,3,0,0,1,0.4,0.026,0
1371,4,3,0,0,1,0.45,0.026,0
1372,4,3,0,0,1,0.5,0.026,0
1373,4,3,0,0,1,0.55,0.0263,0
1374,4,3,0,0,1,0.6,0.0267,0
1375,4,3,0,0,1,0.65,0.0269,0
1376,4,3,0,0,1,0.7,0.0272,0
1377,4,4,1,0,0,0.02,0.0,0
1378,4,4,1,0,0,0.04,0.0,0
1379,4,4,1,0,0,0.06,0.0,0
1380,4,4,1,0,0,0.08,0.0,0
1381,4,4,1,0,0,0.1,0.0,0
1382,4,4,1,0,0,0.12,0.0,0
1383,4,4,1,0,0,0.1399999999999999,0.0,0
1384,4,4,1,0,0,0.16,0.0117,0
1385,4,4,1,0,0,0.18,0.0,0
1386,4,4,1,0,0,0.2,0.0301,0
1387,4,4,1,0,0,0.22,0.0311,0
1388,4,4,1,0,0,0.24,0.0314,0
1389,4,4,1,0,0,0.26,0.0316,0
1390,4,4,1,0,0,0.28,0.0317,0
1391,4,4,1,0,0,0.3,0.0317,0
1392,4,4,1,0,0,0.36,0.0318,0
1393,4,4,1,0,0,0.4,0.0318,0
1394,4,4,1,0,0,0.45,0.0317,0
1395,4,4,1,0,0,0.5,0.0317,0
1396,4,4,1,0,0,0.55,0.0317,0
1397,4,4,1,0,0,0.6,0.0318,0
1398,4,4,1,0,0,0.65,0.0323,0
1399,4,4,1,0,0,0.7,0.0326,0
1400,4,4,1,0,0,0.75,0.0329,0
1401,4,4,1,0,0,0.8,0.0331,0
1402,4,4,1,0,0,0.85,0.0333,0
1403,4,4,1,0,0,0.9,0.0335,0
1404,4,4,1,0,0,0.95,0.0337,0
1405,4,4,1,0,0,1.0,0.0338,0
1406,4,4,0,1,0,0.02,0.0,0
1407,4,4,0,1,0,0.04,0.0,0
1408,4,4,0,1,0,0.06,0.0,0
1409,4,4,0,1,0,0.08,0.0,0
1410,4,4,0,1,0,0.1,0.0,0
1411,4,4,0,1,0,0.12,0.0,0
1412,4,4,0,1,0,0.1399999999999999,0.0292,0
1413,4,4,0,1,0,0.16,0.0311,0
1414,4,4,0,1,0,0.18,0.0315,0
1415,4,4,0,1,0,0.2,0.0317,0
1416,4,4,0,1,0,0.22,0.0317,0
1417,4,4,0,1,0,0.24,0.0318,0
1418,4,4,0,1,0,0.26,0.0318,0
1419,4,4,0,1,0,0.28,0.0318,0
1420,4,4,0,1,0,0.3,0.0318,0
1421,4,4,0,1,0,0.36,0.0317,0
1422,4,4,0,1,0,0.4,0.0317,0
1423,4,4,0,1,0,0.45,0.032,0
1424,4,4,0,1,0,0.5,0.0325,0
1425,4,4,0,1,0,0.55,0.0329,0
1426,4,4,0,1,0,0.6,0.0332,0
1427,4,4,0,1,0,0.65,0.0335,0
1428,4,4,0,1,0,0.7,0.0337,0
1429,4,4,0,1,0,0.75,0.0338,0
1430,4,4,0,1,0,0.8,0.034,0
1431,4,4,0,1,0,0.85,0.0341,0
1432,4,4,0,1,0,0.9,0.0342,0
1433,4,4,0,0,1,0.02,0.0,0
1434,4,4,0,0,1,0.04,0.0,0
1435,4,4,0,0,1,0.06,0.0,0
1436,4,4,0,0,1,0.08,0.0,0
1437,4,4,0,0,1,0.1,0.0,0
1438,4,4,0,0,1,0.12,0.0301,0
1439,4,4,0,0,1,0.1399999999999999,0.0314,0
1440,4,4,0,0,1,0.16,0.0316,0
1441,4,4,0,0,1,0.18,0.0317,0
1442,4,4,0,0,1,0.2,0.0318,0
1443,4,4,0,0,1,0.22,0.0318,0
1444,4,4,0,0,1,0.24,0.0318,0
1445,4,4,0,0,1,0.26,0.0318,0
1446,4,4,0,0,1,0.28,0.0317,0
1447,4,4,0,0,1,0.3,0.0317,0
1448,4,4,0,0,1,0.36,0.0318,0
1449,4,4,0,0,1,0.4,0.0324,0
1450,4,4,0,0,1,0.45,0.0329,0
1451,4,4,0,0,1,0.5,0.0333,0
1452,4,4,0,0,1,0.55,0.0336,0
1453,4,4,0,0,1,0.6,0.0338,0
1454,4,4,0,0,1,0.65,0.034,0
1455,4,4,0,0,1,0.7,0.0341,0
1456,4,5,1,0,0,0.02,0.0,0
1457,4,5,1,0,0,0.04,0.0,0
1458,4,5,1,0,0,0.06,0.0,0
1459,4,5,1,0,0,0.08,0.0,0
1460,4,5,1,0,0,0.1,0.0,0
1461,4,5,1,0,0,0.12,0.0,0
1462,4,5,1,0,0,0.1399999999999999,0.0,0
1463,4,5,1,0,0,0.16,0.0199,0
1464,4,5,1,0,0,0.18,0.0308,0
1465,4,5,1,0,0,0.2,0.0359,0
1466,4,5,1,0,0,0.22,0.0372,0
1467,4,5,1,0,0,0.24,0.0377,0
1468,4,5,1,0,0,0.26,0.0379,0
1469,4,5,1,0,0,0.28,0.038,0
1470,4,5,1,0,0,0.3,0.038,0
1471,4,5,1,0,0,0.36,0.0381,0
1472,4,5,1,0,0,0.4,0.038,0
1473,4,5,1,0,0,0.45,0.038,0
1474,4,5,1,0,0,0.5,0.0379,0
1475,4,5,1,0,0,0.55,0.0385,0
1476,4,5,1,0,0,0.6,0.0391,0
1477,4,5,1,0,0,0.65,0.0395,0
1478,4,5,1,0,0,0.7,0.0398,0
1479,4,5,1,0,0,0.75,0.04,0
1480,4,5,1,0,0,0.8,0.0402,0
1481,4,5,1,0,0,0.85,0.0404,0
1482,4,5,1,0,0,0.9,0.0406,0
1483,4,5,1,0,0,0.95,0.0407,0
1484,4,5,1,0,0,1.0,0.0408,0
1485,4,5,0,1,0,0.02,0.0,0
1486,4,5,0,1,0,0.04,0.0,0
1487,4,5,0,1,0,0.06,0.0,0
1488,4,5,0,1,0,0.08,0.0,0
1489,4,5,0,1,0,0.1,0.0,0
1490,4,5,0,1,0,0.12,0.0,0
1491,4,5,0,1,0,0.1399999999999999,0.0345,0
1492,4,5,0,1,0,0.16,0.0371,0
1493,4,5,0,1,0,0.18,0.0378,0
1494,4,5,0,1,0,0.2,0.038,0
1495,4,5,0,1,0,0.22,0.038,0
1496,4,5,0,1,0,0.24,0.0381,0
1497,4,5,0,1,0,0.26,0.0381,0
1498,4,5,0,1,0,0.28,0.038,0
1499,4,5,0,1,0,0.3,0.038,0
1500,4,5,0,1,0,0.36,0.0379,0
1501,4,5,0,1,0,0.4,0.0385,0
1502,4,5,0,1,0,0.45,0.0392,0
1503,4,5,0,1,0,0.5,0.0397,0
1504,4,5,0,1,0,0.55,0.04,0
1505,4,5,0,1,0,0.6,0.0403,0
1506,4,5,0,1,0,0.65,0.0405,0
1507,4,5,0,1,0,0.7,0.0407,0
1508,4,5,0,1,0,0.75,0.0408,0
1509,4,5,0,1,0,0.8,0.0409,0
1510,4,5,0,1,0,0.85,0.041,0
1511,4,5,0,0,1,0.02,0.0,0
1512,4,5,0,0,1,0.04,0.0,0
1513,4,5,0,0,1,0.06,0.0,0
1514,4,5,0,0,1,0.08,0.0,0
1515,4,5,0,0,1,0.1,0.0,0
1516,4,5,0,0,1,0.12,0.036,0
1517,4,5,0,0,1,0.1399999999999999,0.0376,0
1518,4,5,0,0,1,0.16,0.0379,0
1519,4,5,0,0,1,0.18,0.038,0
1520,4,5,0,0,1,0.2,0.0381,0
1521,4,5,0,0,1,0.22,0.0381,0
1522,4,5,0,0,1,0.24,0.038,0
1523,4,5,0,0,1,0.26,0.038,0
1524,4,5,0,0,1,0.28,0.038,0
1525,4,5,0,0,1,0.3,0.0379,0
1526,4,5,0,0,1,0.36,0.0391,0
1527,4,5,0,0,1,0.4,0.0396,0
1528,4,5,0,0,1,0.45,0.04,0
1529,4,5,0,0,1,0.5,0.0404,0
1530,4,5,0,0,1,0.55,0.0406,0
1531,4,5,0,0,1,0.6,0.0408,0
1532,4,5,0,0,1,0.65,0.0409,0
1533,4,6,1,0,0,0.02,0.0,0
1534,4,6,1,0,0,0.04,0.0,0
1535,4,6,1,0,0,0.06,0.0,0
1536,4,6,1,0,0,0.08,0.0,0
1537,4,6,1,0,0,0.1,0.0,0
1538,4,6,1,0,0,0.12,0.0,0
1539,4,6,1,0,0,0.1399999999999999,0.0,0
1540,4,6,1,0,0,0.16,0.0261,0
1541,4,6,1,0,0,0.18,0.0358,0
1542,4,6,1,0,0,0.2,0.0387,0
1543,4,6,1,0,0,0.22,0.0397,0
1544,4,6,1,0,0,0.24,0.0401,0
1545,4,6,1,0,0,0.26,0.0402,0
1546,4,6,1,0,0,0.28,0.0403,0
1547,4,6,1,0,0,0.3,0.0404,0
1548,4,6,1,0,0,0.36,0.0404,0
1549,4,6,1,0,0,0.4,0.0403,0
1550,4,6,1,0,0,0.45,0.0403,0
1551,4,6,1,0,0,0.5,0.0408,0
1552,4,6,1,0,0,0.55,0.0414,0
1553,4,6,1,0,0,0.6,0.0419,0
1554,4,6,1,0,0,0.65,0.0422,0
1555,4,6,1,0,0,0.7,0.0425,0
1556,4,6,1,0,0,0.75,0.0427,0
1557,4,6,1,0,0,0.8,0.0429,0
1558,4,6,1,0,0,0.85,0.0431,0
1559,4,6,1,0,0,0.9,0.0432,0
1560,4,6,1,0,0,0.95,0.0433,0
1561,4,6,1,0,0,1.0,0.0434,0
1562,4,6,0,1,0,0.02,0.0,0
1563,4,6,0,1,0,0.04,0.0,0
1564,4,6,0,1,0,0.06,0.0,0
1565,4,6,0,1,0,0.08,0.0,0
1566,4,6,0,1,0,0.1,0.0,0
1567,4,6,0,1,0,0.12,0.0,0
1568,4,6,0,1,0,0.1399999999999999,0.0378,0
1569,4,6,0,1,0,0.16,0.0396,0
1570,4,6,0,1,0,0.18,0.0401,0
1571,4,6,0,1,0,0.2,0.0403,0
1572,4,6,0,1,0,0.22,0.0404,0
1573,4,6,0,1,0,0.24,0.0404,0
1574,4,6,0,1,0,0.26,0.0404,0
1575,4,6,0,1,0,0.28,0.0403,0
1576,4,6,0,1,0,0.3,0.0403,0
1577,4,6,0,1,0,0.36,0.0406,0
1578,4,6,0,1,0,0.4,0.0413,0
1579,4,6,0,1,0,0.45,0.042,0
1580,4,6,0,1,0,0.5,0.0424,0
1581,4,6,0,1,0,0.55,0.0427,0
1582,4,6,0,1,0,0.6,0.043,0
1583,4,6,0,1,0,0.65,0.0432,0
1584,4,6,0,1,0,0.7,0.0433,0
1585,4,6,0,0,1,0.02,0.0,0
1586,4,6,0,0,1,0.04,0.0,0
1587,4,6,0,0,1,0.06,0.0,0
1588,4,6,0,0,1,0.08,0.0,0
1589,4,6,0,0,1,0.1,0.0,0
1590,4,6,0,0,1,0.12,0.0388,0
1591,4,6,0,0,1,0.1399999999999999,0.04,0
1592,4,6,0,0,1,0.16,0.0403,0
1593,4,6,0,0,1,0.18,0.0404,0
1594,4,6,0,0,1,0.2,0.0404,0
1595,4,6,0,0,1,0.22,0.0403,0
1596,4,6,0,0,1,0.24,0.0403,0
1597,4,6,0,0,1,0.26,0.0403,0
1598,4,6,0,0,1,0.28,0.0404,0
1599,4,6,0,0,1,0.3,0.0408,0
1600,4,6,0,0,1,0.36,0.0419,0
1601,4,6,0,0,1,0.4,0.0423,0
1602,4,6,0,0,1,0.45,0.0427,0
1603,4,6,0,0,1,0.5,0.043,0
1604,4,6,0,0,1,0.55,0.0432,0
1605,4,6,0,0,1,0.6,0.0434,0
1606,5,2,1,0,0,0.02,0.0,0
1607,5,2,1,0,0,0.04,0.0,0
1608,5,2,1,0,0,0.06,0.0,0
1609,5,2,1,0,0,0.08,0.0,0
1610,5,2,1,0,0,0.1,0.0,0
1611,5,2,1,0,0,0.12,0.0,0
1612,5,2,1,0,0,0.1399999999999999,0.0,0
1613,5,2,1,0,0,0.16,0.0,0
1614,5,2,1,0,0,0.18,0.0,0
1615,5,2,1,0,0,0.2,0.0007,0
1616,5,2,1,0,0,0.22,0.0198,0
1617,5,2,1,0,0,0.24,0.0205,0
1618,5,2,1,0,0,0.26,0.0207,0
1619,5,2,1,0,0,0.28,0.0208,0
1620,5,2,1,0,0,0.3,0.0208,0
1621,5,2,1,0,0,0.36,0.0209,0
1622,5,2,1,0,0,0.4,0.0209,0
1623,5,2,1,0,0,0.45,0.0209,0
1624,5,2,1,0,0,0.5,0.0209,0
1625,5,2,1,0,0,0.55,0.021,0
1626,5,2,1,0,0,0.6,0.021,0
1627,5,2,1,0,0,0.65,0.021,0
1628,5,2,1,0,0,0.7,0.021,0
1629,5,2,1,0,0,0.75,0.021,0
1630,5,2,1,0,0,0.8,0.021,0
1631,5,2,1,0,0,0.85,0.021,0
1632,5,2,1,0,0,0.9,0.021,0
1633,5,2,1,0,0,0.95,0.0211,0
1634,5,2,1,0,0,1.0,0.0212,0
1635,5,2,0,1,0,0.02,0.0,0
1636,5,2,0,1,0,0.04,0.0,0
1637,5,2,0,1,0,0.06,0.0,0
1638,5,2,0,1,0,0.08,0.0,0
1639,5,2,0,1,0,0.1,0.0,0
1640,5,2,0,1,0,0.12,0.0,0
1641,5,2,0,1,0,0.1399999999999999,0.0,0
1642,5,2,0,1,0,0.16,0.0,0
1643,5,2,0,1,0,0.18,0.0,0
1644,5,2,0,1,0,0.2,0.0,0
1645,5,2,0,1,0,0.22,0.0199,0
1646,5,2,0,1,0,0.24,0.0206,0
1647,5,2,0,1,0,0.26,0.0207,0
1648,5,2,0,1,0,0.28,0.0208,0
1649,5,2,0,1,0,0.3,0.0209,0
1650,5,2,0,1,0,0.36,0.0209,0
1651,5,2,0,1,0,0.4,0.0209,0
1652,5,2,0,1,0,0.45,0.0209,0
1653,5,2,0,1,0,0.5,0.0209,0
1654,5,2,0,1,0,0.55,0.021,0
1655,5,2,0,1,0,0.6,0.021,0
1656,5,2,0,1,0,0.65,0.021,0
1657,5,2,0,1,0,0.7,0.021,0
1658,5,2,0,1,0,0.75,0.021,0
1659,5,2,0,1,0,0.8,0.021,0
1660,5,2,0,1,0,0.85,0.021,0
1661,5,2,0,1,0,0.9,0.021,0
1662,5,2,0,1,0,0.95,0.0211,0
1663,5,2,0,1,0,1.0,0.0213,0
1664,5,2,0,0,1,0.02,0.0,0
1665,5,2,0,0,1,0.04,0.0,0
1666,5,2,0,0,1,0.06,0.0,0
1667,5,2,0,0,1,0.08,0.0,0
1668,5,2,0,0,1,0.1,0.0,0
1669,5,2,0,0,1,0.12,0.0,0
1670,5,2,0,0,1,0.1399999999999999,0.0,0
1671,5,2,0,0,1,0.16,0.0,0
1672,5,2,0,0,1,0.18,0.0,0
1673,5,2,0,0,1,0.2,0.0,0
1674,5,2,0,0,1,0.22,0.0199,0
1675,5,2,0,0,1,0.24,0.0206,0
1676,5,2,0,0,1,0.26,0.0207,0
1677,5,2,0,0,1,0.28,0.0208,0
1678,5,2,0,0,1,0.3,0.0209,0
1679,5,2,0,0,1,0.36,0.0209,0
1680,5,2,0,0,1,0.4,0.0209,0
1681,5,2,0,0,1,0.45,0.0209,0
1682,5,2,0,0,1,0.5,0.0209,0
1683,5,2,0,0,1,0.55,0.021,0
1684,5,2,0,0,1,0.6,0.021,0
1685,5,2,0,0,1,0.65,0.021,0
1686,5,2,0,0,1,0.7,0.021,0
1687,5,2,0,0,1,0.75,0.021,0
1688,5,2,0,0,1,0.8,0.021,0
1689,5,3,1,0,0,0.02,0.0,0
1690,5,3,1,0,0,0.04,0.0,0
1691,5,3,1,0,0,0.06,0.0,0
1692,5,3,1,0,0,0.08,0.0,0
1693,5,3,1,0,0,0.1,0.0,0
1694,5,3,1,0,0,0.12,0.0,0
1695,5,3,1,0,0,0.1399999999999999,0.0,0
1696,5,3,1,0,0,0.16,0.0,0
1697,5,3,1,0,0,0.18,0.0,0
1698,5,3,1,0,0,0.2,0.0249,0
1699,5,3,1,0,0,0.22,0.0256,0
1700,5,3,1,0,0,0.24,0.0258,0
1701,5,3,1,0,0,0.26,0.0259,0
1702,5,3,1,0,0,0.28,0.026,0
1703,5,3,1,0,0,0.3,0.026,0
1704,5,3,1,0,0,0.36,0.026,0
1705,5,3,1,0,0,0.4,0.026,0
1706,5,3,1,0,0,0.45,0.026,0
1707,5,3,1,0,0,0.5,0.026,0
1708,5,3,1,0,0,0.55,0.026,0
1709,5,3,1,0,0,0.6,0.026,0
1710,5,3,1,0,0,0.65,0.026,0
1711,5,3,1,0,0,0.7,0.026,0
1712,5,3,1,0,0,0.75,0.0263,0
1713,5,3,1,0,0,0.8,0.0266,0
1714,5,3,1,0,0,0.85,0.0268,0
1715,5,3,1,0,0,0.9,0.027,0
1716,5,3,1,0,0,0.95,0.0271,0
1717,5,3,1,0,0,1.0,0.0273,0
1718,5,3,0,1,0,0.02,0.0,0
1719,5,3,0,1,0,0.04,0.0,0
1720,5,3,0,1,0,0.06,0.0,0
1721,5,3,0,1,0,0.08,0.0,0
1722,5,3,0,1,0,0.1,0.0,0
1723,5,3,0,1,0,0.12,0.0,0
1724,5,3,0,1,0,0.1399999999999999,0.0241,0
1725,5,3,0,1,0,0.16,0.0256,0
1726,5,3,0,1,0,0.18,0.0258,0
1727,5,3,0,1,0,0.2,0.0259,0
1728,5,3,0,1,0,0.22,0.026,0
1729,5,3,0,1,0,0.24,0.026,0
1730,5,3,0,1,0,0.26,0.026,0
1731,5,3,0,1,0,0.28,0.026,0
1732,5,3,0,1,0,0.3,0.026,0
1733,5,3,0,1,0,0.36,0.026,0
1734,5,3,0,1,0,0.4,0.026,0
1735,5,3,0,1,0,0.45,0.026,0
1736,5,3,0,1,0,0.5,0.026,0
1737,5,3,0,1,0,0.55,0.0263,0
1738,5,3,0,1,0,0.6,0.0267,0
1739,5,3,0,1,0,0.65,0.0269,0
1740,5,3,0,1,0,0.7,0.0271,0
1741,5,3,0,1,0,0.75,0.0273,0
1742,5,3,0,1,0,0.8,0.0275,0
1743,5,3,0,1,0,0.85,0.0276,0
1744,5,3,0,1,0,0.9,0.0277,0
1745,5,3,0,0,1,0.02,0.0,0
1746,5,3,0,0,1,0.04,0.0,0
1747,5,3,0,0,1,0.06,0.0,0
1748,5,3,0,0,1,0.08,0.0,0
1749,5,3,0,0,1,0.1,0.0,0
1750,5,3,0,0,1,0.12,0.0,0
1751,5,3,0,0,1,0.1399999999999999,0.0247,0
1752,5,3,0,0,1,0.16,0.0257,0
1753,5,3,0,0,1,0.18,0.0259,0
1754,5,3,0,0,1,0.2,0.026,0
1755,5,3,0,0,1,0.22,0.026,0
1756,5,3,0,0,1,0.24,0.026,0
1757,5,3,0,0,1,0.26,0.026,0
1758,5,3,0,0,1,0.28,0.026,0
1759,5,3,0,0,1,0.3,0.026,0
1760,5,3,0,0,1,0.36,0.026,0
1761,5,3,0,0,1,0.4,0.026,0
1762,5,3,0,0,1,0.45,0.026,0
1763,5,3,0,0,1,0.5,0.026,0
1764,5,3,0,0,1,0.55,0.0264,0
1765,5,3,0,0,1,0.6,0.0268,0
1766,5,3,0,0,1,0.65,0.027,0
1767,5,3,0,0,1,0.7,0.0272,0
1768,5,4,1,0,0,0.02,0.0,0
1769,5,4,1,0,0,0.04,0.0,0
1770,5,4,1,0,0,0.06,0.0,0
1771,5,4,1,0,0,0.08,0.0,0
1772,5,4,1,0,0,0.1,0.0,0
1773,5,4,1,0,0,0.12,0.0,0
1774,5,4,1,0,0,0.1399999999999999,0.0,0
1775,5,4,1,0,0,0.16,0.0,0
1776,5,4,1,0,0,0.18,0.0263,0
1777,5,4,1,0,0,0.2,0.0303,0
1778,5,4,1,0,0,0.22,0.0311,0
1779,5,4,1,0,0,0.24,0.0314,0
1780,5,4,1,0,0,0.26,0.0315,0
1781,5,4,1,0,0,0.28,0.0316,0
1782,5,4,1,0,0,0.3,0.0316,0
1783,5,4,1,0,0,0.36,0.0316,0
1784,5,4,1,0,0,0.4,0.0316,0
1785,5,4,1,0,0,0.45,0.0316,0
1786,5,4,1,0,0,0.5,0.0316,0
1787,5,4,1,0,0,0.55,0.0316,0
1788,5,4,1,0,0,0.6,0.0317,0
1789,5,4,1,0,0,0.65,0.0322,0
1790,5,4,1,0,0,0.7,0.0325,0
1791,5,4,1,0,0,0.75,0.0328,0
1792,5,4,1,0,0,0.8,0.033,0
1793,5,4,1,0,0,0.85,0.0332,0
1794,5,4,1,0,0,0.9,0.0334,0
1795,5,4,1,0,0,0.95,0.0335,0
1796,5,4,1,0,0,1.0,0.0337,0
1797,5,4,0,1,0,0.02,0.0,0
1798,5,4,0,1,0,0.04,0.0,0
1799,5,4,0,1,0,0.06,0.0,0
1800,5,4,0,1,0,0.08,0.0,0
1801,5,4,0,1,0,0.1,0.0,0
1802,5,4,0,1,0,0.12,0.0,0
1803,5,4,0,1,0,0.1399999999999999,0.0295,0
1804,5,4,0,1,0,0.16,0.0311,0
1805,5,4,0,1,0,0.18,0.0314,0
1806,5,4,0,1,0,0.2,0.0316,0
1807,5,4,0,1,0,0.22,0.0316,0
1808,5,4,0,1,0,0.24,0.0316,0
1809,5,4,0,1,0,0.26,0.0316,0
1810,5,4,0,1,0,0.28,0.0316,0
1811,5,4,0,1,0,0.3,0.0316,0
1812,5,4,0,1,0,0.36,0.0316,0
1813,5,4,0,1,0,0.4,0.0316,0
1814,5,4,0,1,0,0.45,0.0319,0
1815,5,4,0,1,0,0.5,0.0324,0
1816,5,4,0,1,0,0.55,0.0328,0
1817,5,4,0,1,0,0.6,0.0331,0
1818,5,4,0,1,0,0.65,0.0334,0
1819,5,4,0,1,0,0.7,0.0336,0
1820,5,4,0,1,0,0.75,0.0337,0
1821,5,4,0,1,0,0.8,0.0339,0
1822,5,4,0,1,0,0.85,0.034,0
1823,5,4,0,1,0,0.9,0.0341,0
1824,5,4,0,0,1,0.02,0.0,0
1825,5,4,0,0,1,0.04,0.0,0
1826,5,4,0,0,1,0.06,0.0,0
1827,5,4,0,0,1,0.08,0.0,0
1828,5,4,0,0,1,0.1,0.0,0
1829,5,4,0,0,1,0.12,0.0302,0
1830,5,4,0,0,1,0.1399999999999999,0.0313,0
1831,5,4,0,0,1,0.16,0.0315,0
1832,5,4,0,0,1,0.18,0.0316,0
1833,5,4,0,0,1,0.2,0.0316,0
1834,5,4,0,0,1,0.22,0.0316,0
1835,5,4,0,0,1,0.24,0.0316,0
1836,5,4,0,0,1,0.26,0.0316,0
1837,5,4,0,0,1,0.28,0.0316,0
1838,5,4,0,0,1,0.3,0.0316,0
1839,5,4,0,0,1,0.36,0.0317,0
1840,5,4,0,0,1,0.4,0.0323,0
1841,5,4,0,0,1,0.45,0.0328,0
1842,5,4,0,0,1,0.5,0.0332,0
1843,5,4,0,0,1,0.55,0.0335,0
1844,5,4,0,0,1,0.6,0.0337,0
1845,5,4,0,0,1,0.65,0.0338,0
1846,5,4,0,0,1,0.7,0.034,0
1847,5,5,1,0,0,0.02,0.0,0
1848,5,5,1,0,0,0.04,0.0,0
1849,5,5,1,0,0,0.06,0.0,0
1850,5,5,1,0,0,0.08,0.0,0
1851,5,5,1,0,0,0.1,0.0,0
1852,5,5,1,0,0,0.12,0.0,0
1853,5,5,1,0,0,0.1399999999999999,0.0,0
1854,5,5,1,0,0,0.16,0.0,0
1855,5,5,1,0,0,0.18,0.0324,0
1856,5,5,1,0,0,0.2,0.0353,0
1857,5,5,1,0,0,0.22,0.0361,0
1858,5,5,1,0,0,0.24,0.0363,0
1859,5,5,1,0,0,0.26,0.0364,0
1860,5,5,1,0,0,0.28,0.0365,0
1861,5,5,1,0,0,0.3,0.0365,0
1862,5,5,1,0,0,0.36,0.0365,0
1863,5,5,1,0,0,0.4,0.0365,0
1864,5,5,1,0,0,0.45,0.0364,0
1865,5,5,1,0,0,0.5,0.0365,0
1866,5,5,1,0,0,0.55,0.0371,0
1867,5,5,1,0,0,0.6,0.0375,0
1868,5,5,1,0,0,0.65,0.0379,0
1869,5,5,1,0,0,0.7,0.0382,0
1870,5,5,1,0,0,0.75,0.0384,0
1871,5,5,1,0,0,0.8,0.0386,0
1872,5,5,1,0,0,0.85,0.0388,0
1873,5,5,1,0,0,0.9,0.0389,0
1874,5,5,1,0,0,0.95,0.039,0
1875,5,5,1,0,0,1.0,0.0391,0
1876,5,5,0,1,0,0.02,0.0,0
1877,5,5,0,1,0,0.04,0.0,0
1878,5,5,0,1,0,0.06,0.0,0
1879,5,5,0,1,0,0.08,0.0,0
1880,5,5,0,1,0,0.1,0.0,0
1881,5,5,0,1,0,0.12,0.0,0
1882,5,5,0,1,0,0.1399999999999999,0.0345,0
1883,5,5,0,1,0,0.16,0.036,0
1884,5,5,0,1,0,0.18,0.0364,0
1885,5,5,0,1,0,0.2,0.0365,0
1886,5,5,0,1,0,0.22,0.0365,0
1887,5,5,0,1,0,0.24,0.0365,0
1888,5,5,0,1,0,0.26,0.0365,0
1889,5,5,0,1,0,0.28,0.0365,0
1890,5,5,0,1,0,0.3,0.0365,0
1891,5,5,0,1,0,0.36,0.0364,0
1892,5,5,0,1,0,0.4,0.037,0
1893,5,5,0,1,0,0.45,0.0376,0
1894,5,5,0,1,0,0.5,0.0381,0
1895,5,5,0,1,0,0.55,0.0384,0
1896,5,5,0,1,0,0.6,0.0387,0
1897,5,5,0,1,0,0.65,0.0389,0
1898,5,5,0,1,0,0.7,0.039,0
1899,5,5,0,1,0,0.75,0.0392,0
1900,5,5,0,1,0,0.8,0.0393,0
1901,5,5,0,0,1,0.02,0.0,0
1902,5,5,0,0,1,0.04,0.0,0
1903,5,5,0,0,1,0.06,0.0,0
1904,5,5,0,0,1,0.08,0.0,0
1905,5,5,0,0,1,0.1,0.0239,0
1906,5,5,0,0,1,0.12,0.0353,0
1907,5,5,0,0,1,0.1399999999999999,0.0363,0
1908,5,5,0,0,1,0.16,0.0365,0
1909,5,5,0,0,1,0.18,0.0365,0
1910,5,5,0,0,1,0.2,0.0365,0
1911,5,5,0,0,1,0.22,0.0365,0
1912,5,5,0,0,1,0.24,0.0365,0
1913,5,5,0,0,1,0.26,0.0364,0
1914,5,5,0,0,1,0.28,0.0364,0
1915,5,5,0,0,1,0.3,0.0365,0
1916,5,5,0,0,1,0.36,0.0375,0
1917,5,5,0,0,1,0.4,0.038,0
1918,5,5,0,0,1,0.45,0.0384,0
1919,5,5,0,0,1,0.5,0.0387,0
1920,5,5,0,0,1,0.55,0.039,0
1921,5,5,0,0,1,0.6,0.0391,0
1922,5,5,0,0,1,0.65,0.0393,0
1923,5,6,1,0,0,0.02,0.0,0
1924,5,6,1,0,0,0.04,0.0,0
1925,5,6,1,0,0,0.06,0.0,0
1926,5,6,1,0,0,0.08,0.0,0
1927,5,6,1,0,0,0.1,0.0,0
1928,5,6,1,0,0,0.12,0.0,0
1929,5,6,1,0,0,0.1399999999999999,0.0,0
1930,5,6,1,0,0,0.16,0.0214,0
1931,5,6,1,0,0,0.18,0.0349,0
1932,5,6,1,0,0,0.2,0.0424,0
1933,5,6,1,0,0,0.22,0.0438,0
1934,5,6,1,0,0,0.24,0.0443,0
1935,5,6,1,0,0,0.26,0.0445,0
1936,5,6,1,0,0,0.28,0.0446,0
1937,5,6,1,0,0,0.3,0.0447,0
1938,5,6,1,0,0,0.36,0.0446,0
1939,5,6,1,0,0,0.4,0.0446,0
1940,5,6,1,0,0,0.45,0.0446,0
1941,5,6,1,0,0,0.5,0.0453,0
1942,5,6,1,0,0,0.55,0.046,0
1943,5,6,1,0,0,0.6,0.0465,0
1944,5,6,1,0,0,0.65,0.0469,0
1945,5,6,1,0,0,0.7,0.0471,0
1946,5,6,1,0,0,0.75,0.0474,0
1947,5,6,1,0,0,0.8,0.0476,0
1948,5,6,1,0,0,0.85,0.0477,0
1949,5,6,1,0,0,0.9,0.0478,0
1950,5,6,1,0,0,0.95,0.048,0
1951,5,6,0,1,0,0.02,0.0,0
1952,5,6,0,1,0,0.04,0.0,0
1953,5,6,0,1,0,0.06,0.0,0
1954,5,6,0,1,0,0.08,0.0,0
1955,5,6,0,1,0,0.1,0.0,0
1956,5,6,0,1,0,0.12,0.0,0
1957,5,6,0,1,0,0.1399999999999999,0.0407,0
1958,5,6,0,1,0,0.16,0.0437,0
1959,5,6,0,1,0,0.18,0.0444,0
1960,5,6,0,1,0,0.2,0.0446,0
1961,5,6,0,1,0,0.22,0.0447,0
1962,5,6,0,1,0,0.24,0.0447,0
1963,5,6,0,1,0,0.26,0.0446,0
1964,5,6,0,1,0,0.28,0.0446,0
1965,5,6,0,1,0,0.3,0.0446,0
1966,5,6,0,1,0,0.36,0.0451,0
1967,5,6,0,1,0,0.4,0.0459,0
1968,5,6,0,1,0,0.45,0.0466,0
1969,5,6,0,1,0,0.5,0.047,0
1970,5,6,0,1,0,0.55,0.0474,0
1971,5,6,0,1,0,0.6,0.0476,0
1972,5,6,0,1,0,0.65,0.0478,0
1973,5,6,0,1,0,0.7,0.048,0
1974,5,6,0,0,1,0.02,0.0,0
1975,5,6,0,0,1,0.04,0.0,0
1976,5,6,0,0,1,0.06,0.0,0
1977,5,6,0,0,1,0.08,0.0,0
1978,5,6,0,0,1,0.1,0.0,0
1979,5,6,0,0,1,0.12,0.0425,0
1980,5,6,0,0,1,0.1399999999999999,0.0442,0
1981,5,6,0,0,1,0.16,0.0446,0
1982,5,6,0,0,1,0.18,0.0447,0
1983,5,6,0,0,1,0.2,0.0447,0
1984,5,6,0,0,1,0.22,0.0446,0
1985,5,6,0,0,1,0.24,0.0446,0
1986,5,6,0,0,1,0.26,0.0445,0
1987,5,6,0,0,1,0.28,0.0448,0
1988,5,6,0,0,1,0.3,0.0453,0
1989,5,6,0,0,1,0.36,0.0465,0
1990,5,6,0,0,1,0.4,0.047,0
1991,5,6,0,0,1,0.45,0.0474,0
1992,5,6,0,0,1,0.5,0.0477,0
1993,5,6,0,0,1,0.55,0.0479,0
1994,6,2,1,0,0,0.02,0.0,0
1995,6,2,1,0,0,0.04,0.0,0
1996,6,2,1,0,0,0.06,0.0,0
1997,6,2,1,0,0,0.08,0.0,0
1998,6,2,1,0,0,0.1,0.0,0
1999,6,2,1,0,0,0.12,0.0,0
2000,6,2,1,0,0,0.1399999999999999,0.0,0
2001,6,2,1,0,0,0.16,0.0,0
2002,6,2,1,0,0,0.18,0.0,0
2003,6,2,1,0,0,0.2,0.0,0
2004,6,2,1,0,0,0.22,0.0202,0
2005,6,2,1,0,0,0.24,0.0206,0
2006,6,2,1,0,0,0.26,0.0207,0
2007,6,2,1,0,0,0.28,0.0208,0
2008,6,2,1,0,0,0.3,0.0208,0
2009,6,2,1,0,0,0.36,0.0208,0
2010,6,2,1,0,0,0.4,0.0209,0
2011,6,2,1,0,0,0.45,0.0209,0
2012,6,2,1,0,0,0.5,0.0209,0
2013,6,2,1,0,0,0.55,0.0209,0
2014,6,2,1,0,0,0.6,0.0209,0
2015,6,2,1,0,0,0.65,0.0209,0
2016,6,2,1,0,0,0.7,0.0209,0
2017,6,2,1,0,0,0.75,0.0209,0
2018,6,2,1,0,0,0.8,0.0209,0
2019,6,2,1,0,0,0.85,0.0209,0
2020,6,2,1,0,0,0.9,0.0209,0
2021,6,2,1,0,0,0.95,0.021,0
2022,6,2,1,0,0,1.0,0.0212,0
2023,6,2,0,1,0,0.02,0.0,0
2024,6,2,0,1,0,0.04,0.0,0
2025,6,2,0,1,0,0.06,0.0,0
2026,6,2,0,1,0,0.08,0.0,0
2027,6,2,0,1,0,0.1,0.0,0
2028,6,2,0,1,0,0.12,0.0,0
2029,6,2,0,1,0,0.1399999999999999,0.0,0
2030,6,2,0,1,0,0.16,0.0,0
2031,6,2,0,1,0,0.18,0.0,0
2032,6,2,0,1,0,0.2,0.0175,0
2033,6,2,0,1,0,0.22,0.0203,0
2034,6,2,0,1,0,0.24,0.0206,0
2035,6,2,0,1,0,0.26,0.0207,0
2036,6,2,0,1,0,0.28,0.0208,0
2037,6,2,0,1,0,0.3,0.0208,0
2038,6,2,0,1,0,0.36,0.0208,0
2039,6,2,0,1,0,0.4,0.0209,0
2040,6,2,0,1,0,0.45,0.0209,0
2041,6,2,0,1,0,0.5,0.0209,0
2042,6,2,0,1,0,0.55,0.0209,0
2043,6,2,0,1,0,0.6,0.0209,0
2044,6,2,0,1,0,0.65,0.0209,0
2045,6,2,0,1,0,0.7,0.0209,0
2046,6,2,0,1,0,0.75,0.0209,0
2047,6,2,0,0,1,0.02,0.0,0
2048,6,2,0,0,1,0.04,0.0,0
2049,6,2,0,0,1,0.06,0.0,0
2050,6,2,0,0,1,0.08,0.0,0
2051,6,2,0,0,1,0.1,0.0,0
2052,6,2,0,0,1,0.12,0.0,0
2053,6,2,0,0,1,0.1399999999999999,0.0,0
2054,6,2,0,0,1,0.16,0.0,0
2055,6,2,0,0,1,0.18,0.0,0
2056,6,2,0,0,1,0.2,0.0175,0
2057,6,2,0,0,1,0.22,0.0203,0
2058,6,2,0,0,1,0.24,0.0206,0
2059,6,2,0,0,1,0.26,0.0207,0
2060,6,2,0,0,1,0.28,0.0208,0
2061,6,2,0,0,1,0.3,0.0208,0
2062,6,2,0,0,1,0.36,0.0208,0
2063,6,2,0,0,1,0.4,0.0209,0
2064,6,2,0,0,1,0.45,0.0209,0
2065,6,2,0,0,1,0.5,0.0209,0
2066,6,2,0,0,1,0.55,0.0209,0
2067,6,2,0,0,1,0.6,0.0209,0
2068,6,3,1,0,0,0.02,0.0,0
2069,6,3,1,0,0,0.04,0.0,0
2070,6,3,1,0,0,0.06,0.0,0
2071,6,3,1,0,0,0.08,0.0,0
2072,6,3,1,0,0,0.1,0.0,0
2073,6,3,1,0,0,0.12,0.0,0
2074,6,3,1,0,0,0.1399999999999999,0.0,0
2075,6,3,1,0,0,0.16,0.0,0
2076,6,3,1,0,0,0.18,0.0169,0
2077,6,3,1,0,0,0.2,0.0245,0
2078,6,3,1,0,0,0.22,0.0252,0
2079,6,3,1,0,0,0.24,0.0255,0
2080,6,3,1,0,0,0.26,0.0256,0
2081,6,3,1,0,0,0.28,0.0257,0
2082,6,3,1,0,0,0.3,0.0257,0
2083,6,3,1,0,0,0.36,0.0257,0
2084,6,3,1,0,0,0.4,0.0257,0
2085,6,3,1,0,0,0.45,0.0257,0
2086,6,3,1,0,0,0.5,0.0257,0
2087,6,3,1,0,0,0.55,0.0257,0
2088,6,3,1,0,0,0.6,0.0257,0
2089,6,3,1,0,0,0.65,0.0257,0
2090,6,3,1,0,0,0.7,0.0258,0
2091,6,3,1,0,0,0.75,0.0261,0
2092,6,3,1,0,0,0.8,0.0264,0
2093,6,3,1,0,0,0.85,0.0266,0
2094,6,3,0,1,0,0.02,0.0,0
2095,6,3,0,1,0,0.04,0.0,0
2096,6,3,0,1,0,0.06,0.0,0
2097,6,3,0,1,0,0.08,0.0,0
2098,6,3,0,1,0,0.1,0.0,0
2099,6,3,0,1,0,0.12,0.0,0
2100,6,3,0,1,0,0.1399999999999999,0.0237,0
2101,6,3,0,1,0,0.16,0.0252,0
2102,6,3,0,1,0,0.18,0.0255,0
2103,6,3,0,1,0,0.2,0.0256,0
2104,6,3,0,1,0,0.22,0.0257,0
2105,6,3,0,1,0,0.24,0.0257,0
2106,6,3,0,1,0,0.26,0.0257,0
2107,6,3,0,1,0,0.28,0.0257,0
2108,6,3,0,1,0,0.3,0.0257,0
2109,6,3,0,1,0,0.36,0.0257,0
2110,6,3,0,1,0,0.4,0.0257,0
2111,6,3,0,1,0,0.45,0.0257,0
2112,6,3,0,1,0,0.5,0.0257,0
2113,6,3,0,1,0,0.55,0.0261,0
2114,6,3,0,1,0,0.6,0.0265,0
2115,6,3,0,1,0,0.65,0.0267,0
2116,6,3,0,0,1,0.02,0.0,0
2117,6,3,0,0,1,0.04,0.0,0
2118,6,3,0,0,1,0.06,0.0,0
2119,6,3,0,0,1,0.08,0.0,0
2120,6,3,0,0,1,0.1,0.0,0
2121,6,3,0,0,1,0.12,0.0,0
2122,6,3,0,0,1,0.1399999999999999,0.0245,0
2123,6,3,0,0,1,0.16,0.0254,0
2124,6,3,0,0,1,0.18,0.0256,0
2125,6,3,0,0,1,0.2,0.0257,0
2126,6,3,0,0,1,0.22,0.0257,0
2127,6,3,0,0,1,0.24,0.0257,0
2128,6,3,0,0,1,0.26,0.0257,0
2129,6,3,0,0,1,0.28,0.0257,0
2130,6,3,0,0,1,0.3,0.0257,0
2131,6,3,0,0,1,0.36,0.0257,0
2132,6,3,0,0,1,0.4,0.0257,0
2133,6,3,0,0,1,0.45,0.0257,0
2134,6,3,0,0,1,0.5,0.0259,0
2135,6,4,1,0,0,0.02,0.0,0
2136,6,4,1,0,0,0.04,0.0,0
2137,6,4,1,0,0,0.06,0.0,0
2138,6,4,1,0,0,0.08,0.0,0
2139,6,4,1,0,0,0.1,0.0,0
2140,6,4,1,0,0,0.12,0.0,0
2141,6,4,1,0,0,0.1399999999999999,0.0,0
2142,6,4,1,0,0,0.16,0.0,0
2143,6,4,1,0,0,0.18,0.029,0
2144,6,4,1,0,0,0.2,0.0309,0
2145,6,4,1,0,0,0.22,0.0314,0
2146,6,4,1,0,0,0.24,0.0315,0
2147,6,4,1,0,0,0.26,0.0316,0
2148,6,4,1,0,0,0.28,0.0316,0
2149,6,4,1,0,0,0.3,0.0316,0
2150,6,4,1,0,0,0.36,0.0316,0
2151,6,4,1,0,0,0.4,0.0316,0
2152,6,4,1,0,0,0.45,0.0315,0
2153,6,4,1,0,0,0.5,0.0315,0
2154,6,4,1,0,0,0.55,0.0315,0
2155,6,4,1,0,0,0.6,0.0317,0
2156,6,4,1,0,0,0.65,0.0322,0
2157,6,4,1,0,0,0.7,0.0325,0
2158,6,4,1,0,0,0.75,0.0328,0
2159,6,4,1,0,0,0.8,0.033,0
2160,6,4,1,0,0,0.85,0.0332,0
2161,6,4,1,0,0,0.9,0.0333,0
2162,6,4,1,0,0,0.95,0.0335,0
2163,6,4,1,0,0,1.0,0.0336,0
2164,6,4,0,1,0,0.02,0.0,0
2165,6,4,0,1,0,0.04,0.0,0
2166,6,4,0,1,0,0.06,0.0,0
2167,6,4,0,1,0,0.08,0.0,0
2168,6,4,0,1,0,0.1,0.0,0
2169,6,4,0,1,0,0.12,0.0,0
2170,6,4,0,1,0,0.1399999999999999,0.0305,0
2171,6,4,0,1,0,0.16,0.0314,0
2172,6,4,0,1,0,0.18,0.0315,0
2173,6,4,0,1,0,0.2,0.0316,0
2174,6,4,0,1,0,0.22,0.0316,0
2175,6,4,0,1,0,0.24,0.0316,0
2176,6,4,0,1,0,0.26,0.0316,0
2177,6,4,0,1,0,0.28,0.0316,0
2178,6,4,0,1,0,0.3,0.0316,0
2179,6,4,0,1,0,0.36,0.0315,0
2180,6,4,0,1,0,0.4,0.0315,0
2181,6,4,0,1,0,0.45,0.0319,0
2182,6,4,0,1,0,0.5,0.0324,0
2183,6,4,0,1,0,0.55,0.0328,0
2184,6,4,0,1,0,0.6,0.0331,0
2185,6,4,0,1,0,0.65,0.0333,0
2186,6,4,0,1,0,0.7,0.0335,0
2187,6,4,0,1,0,0.75,0.0337,0
2188,6,4,0,1,0,0.8,0.0338,0
2189,6,4,0,1,0,0.85,0.0339,0
2190,6,4,0,0,1,0.02,0.0,0
2191,6,4,0,0,1,0.04,0.0,0
2192,6,4,0,0,1,0.06,0.0,0
2193,6,4,0,0,1,0.08,0.0,0
2194,6,4,0,0,1,0.1,0.0,0
2195,6,4,0,0,1,0.12,0.0309,0
2196,6,4,0,0,1,0.1399999999999999,0.0315,0
2197,6,4,0,0,1,0.16,0.0316,0
2198,6,4,0,0,1,0.18,0.0316,0
2199,6,4,0,0,1,0.2,0.0316,0
2200,6,4,0,0,1,0.22,0.0316,0
2201,6,4,0,0,1,0.24,0.0316,0
2202,6,4,0,0,1,0.26,0.0316,0
2203,6,4,0,0,1,0.28,0.0315,0
2204,6,4,0,0,1,0.3,0.0315,0
2205,6,4,0,0,1,0.36,0.0317,0
2206,6,4,0,0,1,0.4,0.0323,0
2207,6,4,0,0,1,0.45,0.0328,0
2208,6,4,0,0,1,0.5,0.0331,0
2209,6,4,0,0,1,0.55,0.0334,0
2210,6,4,0,0,1,0.6,0.0336,0
2211,6,4,0,0,1,0.65,0.0338,0
2212,6,4,0,0,1,0.7,0.0339,0
2213,6,5,1,0,0,0.02,0.0,0
2214,6,5,1,0,0,0.04,0.0,0
2215,6,5,1,0,0,0.06,0.0,0
2216,6,5,1,0,0,0.08,0.0,0
2217,6,5,1,0,0,0.1,0.0,0
2218,6,5,1,0,0,0.12,0.0,0
2219,6,5,1,0,0,0.1399999999999999,0.0,0
2220,6,5,1,0,0,0.16,0.0,0
2221,6,5,1,0,0,0.18,0.0346,0
2222,6,5,1,0,0,0.2,0.0369,0
2223,6,5,1,0,0,0.22,0.0375,0
2224,6,5,1,0,0,0.24,0.0377,0
2225,6,5,1,0,0,0.26,0.0378,0
2226,6,5,1,0,0,0.28,0.0378,0
2227,6,5,1,0,0,0.3,0.0378,0
2228,6,5,1,0,0,0.36,0.0377,0
2229,6,5,1,0,0,0.4,0.0377,0
2230,6,5,1,0,0,0.45,0.0376,0
2231,6,5,1,0,0,0.5,0.0378,0
2232,6,5,1,0,0,0.55,0.0384,0
2233,6,5,1,0,0,0.6,0.0389,0
2234,6,5,1,0,0,0.65,0.0392,0
2235,6,5,1,0,0,0.7,0.0395,0
2236,6,5,1,0,0,0.75,0.0398,0
2237,6,5,1,0,0,0.8,0.0399,0
2238,6,5,1,0,0,0.85,0.0401,0
2239,6,5,1,0,0,0.9,0.0402,0
2240,6,5,1,0,0,0.95,0.0403,0
2241,6,5,1,0,0,1.0,0.0404,0
2242,6,5,0,1,0,0.02,0.0,0
2243,6,5,0,1,0,0.04,0.0,0
2244,6,5,0,1,0,0.06,0.0,0
2245,6,5,0,1,0,0.08,0.0,0
2246,6,5,0,1,0,0.1,0.0,0
2247,6,5,0,1,0,0.12,0.0239,0
2248,6,5,0,1,0,0.1399999999999999,0.0363,0
2249,6,5,0,1,0,0.16,0.0375,0
2250,6,5,0,1,0,0.18,0.0377,0
2251,6,5,0,1,0,0.2,0.0378,0
2252,6,5,0,1,0,0.22,0.0378,0
2253,6,5,0,1,0,0.24,0.0378,0
2254,6,5,0,1,0,0.26,0.0378,0
2255,6,5,0,1,0,0.28,0.0377,0
2256,6,5,0,1,0,0.3,0.0377,0
2257,6,5,0,1,0,0.36,0.0377,0
2258,6,5,0,1,0,0.4,0.0383,0
2259,6,5,0,1,0,0.45,0.039,0
2260,6,5,0,1,0,0.5,0.0394,0
2261,6,5,0,1,0,0.55,0.0397,0
2262,6,5,0,1,0,0.6,0.04,0
2263,6,5,0,1,0,0.65,0.0402,0
2264,6,5,0,1,0,0.7,0.0404,0
2265,6,5,0,1,0,0.75,0.0405,0
2266,6,5,0,1,0,0.8,0.0406,0
2267,6,5,0,0,1,0.02,0.0,0
2268,6,5,0,0,1,0.04,0.0,0
2269,6,5,0,0,1,0.06,0.0,0
2270,6,5,0,0,1,0.08,0.0,0
2271,6,5,0,0,1,0.1,0.0,0
2272,6,5,0,0,1,0.12,0.037,0
2273,6,5,0,0,1,0.1399999999999999,0.0377,0
2274,6,5,0,0,1,0.16,0.0378,0
2275,6,5,0,0,1,0.18,0.0378,0
2276,6,5,0,0,1,0.2,0.0378,0
2277,6,5,0,0,1,0.22,0.0377,0
2278,6,5,0,0,1,0.24,0.0377,0
2279,6,5,0,0,1,0.26,0.0377,0
2280,6,5,0,0,1,0.28,0.0376,0
2281,6,5,0,0,1,0.3,0.0378,0
2282,6,5,0,0,1,0.36,0.0389,0
2283,6,5,0,0,1,0.4,0.0393,0
2284,6,5,0,0,1,0.45,0.0398,0
2285,6,5,0,0,1,0.5,0.0401,0
2286,6,5,0,0,1,0.55,0.0403,0
2287,6,5,0,0,1,0.6,0.0404,0
2288,6,5,0,0,1,0.65,0.0406,0
2289,6,6,1,0,0,0.02,0.0,0
2290,6,6,1,0,0,0.04,0.0,0
2291,6,6,1,0,0,0.06,0.0,0
2292,6,6,1,0,0,0.08,0.0,0
2293,6,6,1,0,0,0.1,0.0,0
2294,6,6,1,0,0,0.12,0.0,0
2295,6,6,1,0,0,0.1399999999999999,0.0,0
2296,6,6,1,0,0,0.16,0.0193,0
2297,6,6,1,0,0,0.18,0.0,0
2298,6,6,1,0,0,0.2,0.0429,0
2299,6,6,1,0,0,0.22,0.044,0
2300,6,6,1,0,0,0.24,0.0443,0
2301,6,6,1,0,0,0.26,0.0445,0
2302,6,6,1,0,0,0.28,0.0446,0
2303,6,6,1,0,0,0.3,0.0446,0
2304,6,6,1,0,0,0.36,0.0445,0
2305,6,6,1,0,0,0.4,0.0445,0
2306,6,6,1,0,0,0.45,0.0445,0
2307,6,6,1,0,0,0.5,0.0453,0
2308,6,6,1,0,0,0.55,0.046,0
2309,6,6,1,0,0,0.6,0.0464,0
2310,6,6,1,0,0,0.65,0.0468,0
2311,6,6,1,0,0,0.7,0.0471,0
2312,6,6,1,0,0,0.75,0.0473,0
2313,6,6,1,0,0,0.8,0.0475,0
2314,6,6,1,0,0,0.85,0.0476,0
2315,6,6,1,0,0,0.9,0.0477,0
2316,6,6,1,0,0,0.95,0.0478,0
2317,6,6,0,1,0,0.02,0.0,0
2318,6,6,0,1,0,0.04,0.0,0
2319,6,6,0,1,0,0.06,0.0,0
2320,6,6,0,1,0,0.08,0.0,0
2321,6,6,0,1,0,0.1,0.0,0
2322,6,6,0,1,0,0.12,0.0,0
2323,6,6,0,1,0,0.1399999999999999,0.0415,0
2324,6,6,0,1,0,0.16,0.0439,0
2325,6,6,0,1,0,0.18,0.0444,0
2326,6,6,0,1,0,0.2,0.0445,0
2327,6,6,0,1,0,0.22,0.0446,0
2328,6,6,0,1,0,0.24,0.0446,0
2329,6,6,0,1,0,0.26,0.0445,0
2330,6,6,0,1,0,0.28,0.0445,0
2331,6,6,0,1,0,0.3,0.0444,0
2332,6,6,0,1,0,0.36,0.0451,0
2333,6,6,0,1,0,0.4,0.0459,0
2334,6,6,0,1,0,0.45,0.0465,0
2335,6,6,0,1,0,0.5,0.047,0
2336,6,6,0,1,0,0.55,0.0473,0
2337,6,6,0,1,0,0.6,0.0475,0
2338,6,6,0,1,0,0.65,0.0477,0
2339,6,6,0,1,0,0.7,0.0478,0
2340,6,6,0,0,1,0.02,0.0,0
2341,6,6,0,0,1,0.04,0.0,0
2342,6,6,0,0,1,0.06,0.0,0
2343,6,6,0,0,1,0.08,0.0,0
2344,6,6,0,0,1,0.1,0.0,0
2345,6,6,0,0,1,0.12,0.0429,0
2346,6,6,0,0,1,0.1399999999999999,0.0442,0
2347,6,6,0,0,1,0.16,0.0445,0
2348,6,6,0,0,1,0.18,0.0446,0
2349,6,6,0,0,1,0.2,0.0446,0
2350,6,6,0,0,1,0.22,0.0445,0
2351,6,6,0,0,1,0.24,0.0444,0
2352,6,6,0,0,1,0.26,0.0444,0
2353,6,6,0,0,1,0.28,0.0448,0
2354,6,6,0,0,1,0.3,0.0453,0
2355,6,6,0,0,1,0.36,0.0464,0
2356,6,6,0,0,1,0.4,0.0469,0
2357,6,6,0,0,1,0.45,0.0473,0
2358,6,6,0,0,1,0.5,0.0476,0
2359,6,6,0,0,1,0.55,0.0478,0
